unit_id,goal_actual,mes_classificado,name,tamanho,condominio,chave,mes,receita_projetada,receita_mensal_real,ocupacao,dias,HOA,Property Management,Utilities,dias_ocupados,adr,revpar,commission_fee_20,despesas_outras_anuais,despesas_anuais,lucro_mensal
889047,3162.0,01.Jan,1010 SS - Modern Comfort Oasis,TH 5,CHAMPIONS GATE,CHAMPIONS GATE TH 5,Jan,3162.0,3162.0,0.75,31,6000.0,1800.0,7260.0,23.25,136.0,102.0,7835.400000000001,15060.0,22895.4,1254.05
889047,2650.0,02.Feb,1010 SS - Modern Comfort Oasis,TH 5,CHAMPIONS GATE,CHAMPIONS GATE TH 5,Feb,2650.0,2650.0,0.75,28,6000.0,1800.0,7260.0,21.0,126.19047619047619,94.64285714285714,7835.400000000001,15060.0,22895.4,742.05
889047,3877.0,03.Mar,1010 SS - Modern Comfort Oasis,TH 5,CHAMPIONS GATE,CHAMPIONS GATE TH 5,Mar,3877.0,3877.0,0.8,31,6000.0,1800.0,7260.0,24.8,156.3306451612903,125.06451612903226,7835.400000000001,15060.0,22895.4,1969.05
889047,4264.0,04.Apr,1010 SS - Modern Comfort Oasis,TH 5,CHAMPIONS GATE,CHAMPIONS GATE TH 5,Apr,4264.0,4264.0,0.8,30,6000.0,1800.0,7260.0,24.0,177.66666666666666,142.13333333333333,7835.400000000001,15060.0,22895.4,2356.05
889047,2418.0,05.May,1010 SS - Modern Comfort Oasis,TH 5,CHAMPIONS GATE,CHAMPIONS GATE TH 5,May,2418.0,2418.0,0.6,31,6000.0,1800.0,7260.0,18.599999999999998,130.00000000000003,78.0,7835.400000000001,15060.0,22895.4,510.04999999999995
889047,3474.0,06.Jun,1010 SS - Modern Comfort Oasis,TH 5,CHAMPIONS GATE,CHAMPIONS GATE TH 5,Jun,3474.0,3474.0,0.75,30,6000.0,1800.0,7260.0,22.5,154.4,115.8,7835.400000000001,15060.0,22895.4,1566.05
889047,3850.0,07.Jul,1010 SS - Modern Comfort Oasis,TH 5,CHAMPIONS GATE,CHAMPIONS GATE TH 5,Jul,3850.0,3850.0,0.8,31,6000.0,1800.0,7260.0,24.8,155.24193548387098,124.19354838709677,7835.400000000001,15060.0,22895.4,1942.05
889047,2935.0,08.Aug,1010 SS - Modern Comfort Oasis,TH 5,CHAMPIONS GATE,CHAMPIONS GATE TH 5,Aug,2935.0,2935.0,0.7,31,6000.0,1800.0,7260.0,21.7,135.25345622119815,94.6774193548387,7835.400000000001,15060.0,22895.4,1027.05
889047,1950.0,09.Sep,1010 SS - Modern Comfort Oasis,TH 5,CHAMPIONS GATE,CHAMPIONS GATE TH 5,Sep,1950.0,1950.0,0.6,30,6000.0,1800.0,7260.0,18.0,108.33333333333333,65.0,7835.400000000001,15060.0,22895.4,42.049999999999955
889047,2790.0,10.Oct,1010 SS - Modern Comfort Oasis,TH 5,CHAMPIONS GATE,CHAMPIONS GATE TH 5,Oct,2790.0,2790.0,0.7,31,6000.0,1800.0,7260.0,21.7,128.57142857142858,90.0,7835.400000000001,15060.0,22895.4,882.05
889047,3037.0,11.Nov,1010 SS - Modern Comfort Oasis,TH 5,CHAMPIONS GATE,CHAMPIONS GATE TH 5,Nov,3037.0,3037.0,0.7,30,6000.0,1800.0,7260.0,21.0,144.61904761904762,101.23333333333333,7835.400000000001,15060.0,22895.4,1129.05
889047,4770.0,12.Dec,1010 SS - Modern Comfort Oasis,TH 5,CHAMPIONS GATE,CHAMPIONS GATE TH 5,Dec,4770.0,4770.0,0.7,31,6000.0,1800.0,7260.0,21.7,219.81566820276498,153.8709677419355,7835.400000000001,15060.0,22895.4,2862.05
475127,2582.0,01.Jan,1133 DL - Chic pet-friendly 3BR Townhome: 8 Guests,3 BDR,CHAMPIONS GATE,CHAMPIONS GATE 3 BDR,Jan,2582.0,2582.0,0.75,31,6000.0,1800.0,5412.0,23.25,111.05376344086021,83.29032258064517,6498.6,13212.0,19710.6,939.45
475127,2264.0,02.Feb,1133 DL - Chic pet-friendly 3BR Townhome: 8 Guests,3 BDR,CHAMPIONS GATE,CHAMPIONS GATE 3 BDR,Feb,2264.0,2264.0,0.75,28,6000.0,1800.0,5412.0,21.0,107.80952380952381,80.85714285714286,6498.6,13212.0,19710.6,621.45
475127,3246.0,03.Mar,1133 DL - Chic pet-friendly 3BR Townhome: 8 Guests,3 BDR,CHAMPIONS GATE,CHAMPIONS GATE 3 BDR,Mar,3246.0,3246.0,0.8,31,6000.0,1800.0,5412.0,24.8,130.88709677419354,104.70967741935483,6498.6,13212.0,19710.6,1603.45
475127,3478.0,04.Apr,1133 DL - Chic pet-friendly 3BR Townhome: 8 Guests,3 BDR,CHAMPIONS GATE,CHAMPIONS GATE 3 BDR,Apr,3478.0,3478.0,0.8,30,6000.0,1800.0,5412.0,24.0,144.91666666666666,115.93333333333334,6498.6,13212.0,19710.6,1835.45
475127,2046.0,05.May,1133 DL - Chic pet-friendly 3BR Townhome: 8 Guests,3 BDR,CHAMPIONS GATE,CHAMPIONS GATE 3 BDR,May,2046.0,2046.0,0.6,31,6000.0,1800.0,5412.0,18.599999999999998,110.00000000000001,66.0,6498.6,13212.0,19710.6,403.45000000000005
475127,2973.0,06.Jun,1133 DL - Chic pet-friendly 3BR Townhome: 8 Guests,3 BDR,CHAMPIONS GATE,CHAMPIONS GATE 3 BDR,Jun,2973.0,2973.0,0.75,30,6000.0,1800.0,5412.0,22.5,132.13333333333333,99.1,6498.6,13212.0,19710.6,1330.45
475127,3144.0,07.Jul,1133 DL - Chic pet-friendly 3BR Townhome: 8 Guests,3 BDR,CHAMPIONS GATE,CHAMPIONS GATE 3 BDR,Jul,3144.0,3144.0,0.8,31,6000.0,1800.0,5412.0,24.8,126.77419354838709,101.41935483870968,6498.6,13212.0,19710.6,1501.45
475127,2648.0,08.Aug,1133 DL - Chic pet-friendly 3BR Townhome: 8 Guests,3 BDR,CHAMPIONS GATE,CHAMPIONS GATE 3 BDR,Aug,2648.0,2648.0,0.7,31,6000.0,1800.0,5412.0,21.7,122.02764976958525,85.41935483870968,6498.6,13212.0,19710.6,1005.45
475127,1650.0,09.Sep,1133 DL - Chic pet-friendly 3BR Townhome: 8 Guests,3 BDR,CHAMPIONS GATE,CHAMPIONS GATE 3 BDR,Sep,1650.0,1650.0,0.6,30,6000.0,1800.0,5412.0,18.0,91.66666666666667,55.0,6498.6,13212.0,19710.6,7.4500000000000455
475127,2418.0,10.Oct,1133 DL - Chic pet-friendly 3BR Townhome: 8 Guests,3 BDR,CHAMPIONS GATE,CHAMPIONS GATE 3 BDR,Oct,2418.0,2418.0,0.7,31,6000.0,1800.0,5412.0,21.7,111.42857142857143,78.0,6498.6,13212.0,19710.6,775.45
475127,2526.0,11.Nov,1133 DL - Chic pet-friendly 3BR Townhome: 8 Guests,3 BDR,CHAMPIONS GATE,CHAMPIONS GATE 3 BDR,Nov,2526.0,2526.0,0.7,30,6000.0,1800.0,5412.0,21.0,120.28571428571429,84.2,6498.6,13212.0,19710.6,883.45
475127,3518.0,12.Dec,1133 DL - Chic pet-friendly 3BR Townhome: 8 Guests,3 BDR,CHAMPIONS GATE,CHAMPIONS GATE 3 BDR,Dec,3518.0,3518.0,0.7,31,6000.0,1800.0,5412.0,21.7,162.11981566820276,113.48387096774194,6498.6,13212.0,19710.6,1875.45
476863,2260.0,01.Jan,"1169 CD - Game Room Condo: Pool, Disney Nearby",2 BDR,CHAMPIONS GATE,CHAMPIONS GATE 2 BDR,Jan,2260.0,2260.0,0.75,31,6000.0,1800.0,4248.0,23.25,97.20430107526882,72.90322580645162,6020.8,12048.0,18068.8,754.2666666666667
476863,2072.0,02.Feb,"1169 CD - Game Room Condo: Pool, Disney Nearby",2 BDR,CHAMPIONS GATE,CHAMPIONS GATE 2 BDR,Feb,2072.0,2072.0,0.75,28,6000.0,1800.0,4248.0,21.0,98.66666666666667,74.0,6020.8,12048.0,18068.8,566.2666666666667
476863,3020.0,03.Mar,"1169 CD - Game Room Condo: Pool, Disney Nearby",2 BDR,CHAMPIONS GATE,CHAMPIONS GATE 2 BDR,Mar,3020.0,3020.0,0.8,31,6000.0,1800.0,4248.0,24.8,121.77419354838709,97.41935483870968,6020.8,12048.0,18068.8,1514.2666666666667
476863,3226.0,04.Apr,"1169 CD - Game Room Condo: Pool, Disney Nearby",2 BDR,CHAMPIONS GATE,CHAMPIONS GATE 2 BDR,Apr,3226.0,3226.0,0.8,30,6000.0,1800.0,4248.0,24.0,134.41666666666666,107.53333333333333,6020.8,12048.0,18068.8,1720.2666666666667
476863,2232.0,05.May,"1169 CD - Game Room Condo: Pool, Disney Nearby",2 BDR,CHAMPIONS GATE,CHAMPIONS GATE 2 BDR,May,2232.0,2232.0,0.6,31,6000.0,1800.0,4248.0,18.599999999999998,120.00000000000001,72.0,6020.8,12048.0,18068.8,726.2666666666667
476863,3055.0,06.Jun,"1169 CD - Game Room Condo: Pool, Disney Nearby",2 BDR,CHAMPIONS GATE,CHAMPIONS GATE 2 BDR,Jun,3055.0,3055.0,0.75,30,6000.0,1800.0,4248.0,22.5,135.77777777777777,101.83333333333333,6020.8,12048.0,18068.8,1549.2666666666667
476863,2779.0,07.Jul,"1169 CD - Game Room Condo: Pool, Disney Nearby",2 BDR,CHAMPIONS GATE,CHAMPIONS GATE 2 BDR,Jul,2779.0,2779.0,0.8,31,6000.0,1800.0,4248.0,24.8,112.05645161290322,89.64516129032258,6020.8,12048.0,18068.8,1273.2666666666667
476863,2470.0,08.Aug,"1169 CD - Game Room Condo: Pool, Disney Nearby",2 BDR,CHAMPIONS GATE,CHAMPIONS GATE 2 BDR,Aug,2470.0,2470.0,0.7,31,6000.0,1800.0,4248.0,21.7,113.82488479262673,79.6774193548387,6020.8,12048.0,18068.8,964.2666666666667
476863,1500.0,09.Sep,"1169 CD - Game Room Condo: Pool, Disney Nearby",2 BDR,CHAMPIONS GATE,CHAMPIONS GATE 2 BDR,Sep,1500.0,1500.0,0.6,30,6000.0,1800.0,4248.0,18.0,83.33333333333333,50.0,6020.8,12048.0,18068.8,-5.7333333333333485
476863,2232.0,10.Oct,"1169 CD - Game Room Condo: Pool, Disney Nearby",2 BDR,CHAMPIONS GATE,CHAMPIONS GATE 2 BDR,Oct,2232.0,2232.0,0.7,31,6000.0,1800.0,4248.0,21.7,102.85714285714286,72.0,6020.8,12048.0,18068.8,726.2666666666667
476863,2318.0,11.Nov,"1169 CD - Game Room Condo: Pool, Disney Nearby",2 BDR,CHAMPIONS GATE,CHAMPIONS GATE 2 BDR,Nov,2318.0,2318.0,0.7,30,6000.0,1800.0,4248.0,21.0,110.38095238095238,77.26666666666667,6020.8,12048.0,18068.8,812.2666666666667
476863,2940.0,12.Dec,"1169 CD - Game Room Condo: Pool, Disney Nearby",2 BDR,CHAMPIONS GATE,CHAMPIONS GATE 2 BDR,Dec,2940.0,2940.0,0.7,31,6000.0,1800.0,4248.0,21.7,135.48387096774195,94.83870967741936,6020.8,12048.0,18068.8,1434.2666666666667
341242,4680.0,01.Jan,1509 MC - Exquisite 8BR Villa with Pool & Games,SF 8,CHAMPIONS GATE,CHAMPIONS GATE SF 8,Jan,4680.0,4680.0,0.75,31,6000.0,1800.0,10872.0,23.25,201.29032258064515,150.96774193548387,12604.6,18672.0,31276.6,2073.616666666667
341242,3997.0,02.Feb,1509 MC - Exquisite 8BR Villa with Pool & Games,SF 8,CHAMPIONS GATE,CHAMPIONS GATE SF 8,Feb,3997.0,3997.0,0.75,28,6000.0,1800.0,10872.0,21.0,190.33333333333334,142.75,12604.6,18672.0,31276.6,1390.6166666666668
341242,6716.0,03.Mar,1509 MC - Exquisite 8BR Villa with Pool & Games,SF 8,CHAMPIONS GATE,CHAMPIONS GATE SF 8,Mar,6716.0,6716.0,0.8,31,6000.0,1800.0,10872.0,24.8,270.80645161290323,216.6451612903226,12604.6,18672.0,31276.6,4109.616666666667
341242,7024.0,04.Apr,1509 MC - Exquisite 8BR Villa with Pool & Games,SF 8,CHAMPIONS GATE,CHAMPIONS GATE SF 8,Apr,7024.0,7024.0,0.8,30,6000.0,1800.0,10872.0,24.0,292.6666666666667,234.13333333333333,12604.6,18672.0,31276.6,4417.616666666667
341242,3720.0,05.May,1509 MC - Exquisite 8BR Villa with Pool & Games,SF 8,CHAMPIONS GATE,CHAMPIONS GATE SF 8,May,3720.0,3720.0,0.6,31,6000.0,1800.0,10872.0,18.599999999999998,200.00000000000003,120.0,12604.6,18672.0,31276.6,1113.6166666666668
341242,6006.0,06.Jun,1509 MC - Exquisite 8BR Villa with Pool & Games,SF 8,CHAMPIONS GATE,CHAMPIONS GATE SF 8,Jun,6006.0,6006.0,0.75,30,6000.0,1800.0,10872.0,22.5,266.93333333333334,200.2,12604.6,18672.0,31276.6,3399.616666666667
341242,6322.0,07.Jul,1509 MC - Exquisite 8BR Villa with Pool & Games,SF 8,CHAMPIONS GATE,CHAMPIONS GATE SF 8,Jul,6322.0,6322.0,0.8,31,6000.0,1800.0,10872.0,24.8,254.91935483870967,203.93548387096774,12604.6,18672.0,31276.6,3715.616666666667
341242,5516.0,08.Aug,1509 MC - Exquisite 8BR Villa with Pool & Games,SF 8,CHAMPIONS GATE,CHAMPIONS GATE SF 8,Aug,5516.0,5516.0,0.7,31,6000.0,1800.0,10872.0,21.7,254.19354838709677,177.93548387096774,12604.6,18672.0,31276.6,2909.616666666667
341242,4100.0,09.Sep,1509 MC - Exquisite 8BR Villa with Pool & Games,SF 8,CHAMPIONS GATE,CHAMPIONS GATE SF 8,Sep,4100.0,4100.0,0.6,30,6000.0,1800.0,10872.0,18.0,227.77777777777777,136.66666666666666,12604.6,18672.0,31276.6,1493.6166666666668
341242,4092.0,10.Oct,1509 MC - Exquisite 8BR Villa with Pool & Games,SF 8,CHAMPIONS GATE,CHAMPIONS GATE SF 8,Oct,4092.0,4092.0,0.7,31,6000.0,1800.0,10872.0,21.7,188.57142857142858,132.0,12604.6,18672.0,31276.6,1485.6166666666668
341242,4662.0,11.Nov,1509 MC - Exquisite 8BR Villa with Pool & Games,SF 8,CHAMPIONS GATE,CHAMPIONS GATE SF 8,Nov,4662.0,4662.0,0.7,30,6000.0,1800.0,10872.0,21.0,222.0,155.4,12604.6,18672.0,31276.6,2055.616666666667
341242,6188.0,12.Dec,1509 MC - Exquisite 8BR Villa with Pool & Games,SF 8,CHAMPIONS GATE,CHAMPIONS GATE SF 8,Dec,6188.0,6188.0,0.7,31,6000.0,1800.0,10872.0,21.7,285.16129032258067,199.61290322580646,12604.6,18672.0,31276.6,3581.616666666667
345511,4098.0,01.Jan,"1520 FD 6BR Luxury Villa Pool, Game Room",SF 6,CHAMPIONS GATE,CHAMPIONS GATE SF 6,Jan,4098.0,4098.0,0.75,31,6000.0,1800.0,8544.0,23.25,176.25806451612902,132.19354838709677,10769.800000000001,16344.0,27113.800000000003,1838.5166666666664
345511,3714.0,02.Feb,"1520 FD 6BR Luxury Villa Pool, Game Room",SF 6,CHAMPIONS GATE,CHAMPIONS GATE SF 6,Feb,3714.0,3714.0,0.75,28,6000.0,1800.0,8544.0,21.0,176.85714285714286,132.64285714285714,10769.800000000001,16344.0,27113.800000000003,1454.5166666666664
345511,5770.0,03.Mar,"1520 FD 6BR Luxury Villa Pool, Game Room",SF 6,CHAMPIONS GATE,CHAMPIONS GATE SF 6,Mar,5770.0,5770.0,0.8,31,6000.0,1800.0,8544.0,24.8,232.66129032258064,186.1290322580645,10769.800000000001,16344.0,27113.800000000003,3510.5166666666664
345511,6460.0,04.Apr,"1520 FD 6BR Luxury Villa Pool, Game Room",SF 6,CHAMPIONS GATE,CHAMPIONS GATE SF 6,Apr,6460.0,6460.0,0.8,30,6000.0,1800.0,8544.0,24.0,269.1666666666667,215.33333333333334,10769.800000000001,16344.0,27113.800000000003,4200.516666666666
345511,3348.0,05.May,"1520 FD 6BR Luxury Villa Pool, Game Room",SF 6,CHAMPIONS GATE,CHAMPIONS GATE SF 6,May,3348.0,3348.0,0.6,31,6000.0,1800.0,8544.0,18.599999999999998,180.00000000000003,108.0,10769.800000000001,16344.0,27113.800000000003,1088.5166666666664
345511,4907.0,06.Jun,"1520 FD 6BR Luxury Villa Pool, Game Room",SF 6,CHAMPIONS GATE,CHAMPIONS GATE SF 6,Jun,4907.0,4907.0,0.75,30,6000.0,1800.0,8544.0,22.5,218.0888888888889,163.56666666666666,10769.800000000001,16344.0,27113.800000000003,2647.5166666666664
345511,5437.0,07.Jul,"1520 FD 6BR Luxury Villa Pool, Game Room",SF 6,CHAMPIONS GATE,CHAMPIONS GATE SF 6,Jul,5437.0,5437.0,0.8,31,6000.0,1800.0,8544.0,24.8,219.23387096774192,175.38709677419354,10769.800000000001,16344.0,27113.800000000003,3177.5166666666664
345511,4366.0,08.Aug,"1520 FD 6BR Luxury Villa Pool, Game Room",SF 6,CHAMPIONS GATE,CHAMPIONS GATE SF 6,Aug,4366.0,4366.0,0.7,31,6000.0,1800.0,8544.0,21.7,201.19815668202764,140.83870967741936,10769.800000000001,16344.0,27113.800000000003,2106.5166666666664
345511,2400.0,09.Sep,"1520 FD 6BR Luxury Villa Pool, Game Room",SF 6,CHAMPIONS GATE,CHAMPIONS GATE SF 6,Sep,2400.0,2400.0,0.6,30,6000.0,1800.0,8544.0,18.0,133.33333333333334,80.0,10769.800000000001,16344.0,27113.800000000003,140.51666666666642
345511,3906.0,10.Oct,"1520 FD 6BR Luxury Villa Pool, Game Room",SF 6,CHAMPIONS GATE,CHAMPIONS GATE SF 6,Oct,3906.0,3906.0,0.7,31,6000.0,1800.0,8544.0,21.7,180.0,126.0,10769.800000000001,16344.0,27113.800000000003,1646.5166666666664
345511,3818.0,11.Nov,"1520 FD 6BR Luxury Villa Pool, Game Room",SF 6,CHAMPIONS GATE,CHAMPIONS GATE SF 6,Nov,3818.0,3818.0,0.7,30,6000.0,1800.0,8544.0,21.0,181.8095238095238,127.26666666666667,10769.800000000001,16344.0,27113.800000000003,1558.5166666666664
345511,5625.0,12.Dec,"1520 FD 6BR Luxury Villa Pool, Game Room",SF 6,CHAMPIONS GATE,CHAMPIONS GATE SF 6,Dec,5625.0,5625.0,0.7,31,6000.0,1800.0,8544.0,21.7,259.2165898617512,181.4516129032258,10769.800000000001,16344.0,27113.800000000003,3365.5166666666664
340885,2759.0,01.Jan,1556 PD - Poolside Bliss: Enchanted 4BR Townhome,TH 4,CHAMPIONS GATE,CHAMPIONS GATE TH 4,Jan,2759.0,2759.0,0.75,31,6000.0,1800.0,6096.0,23.25,118.66666666666667,89.0,7029.8,13896.0,20925.8,1015.1833333333334
340885,2457.0,02.Feb,1556 PD - Poolside Bliss: Enchanted 4BR Townhome,TH 4,CHAMPIONS GATE,CHAMPIONS GATE TH 4,Feb,2457.0,2457.0,0.75,28,6000.0,1800.0,6096.0,21.0,117.0,87.75,7029.8,13896.0,20925.8,713.1833333333334
340885,3652.0,03.Mar,1556 PD - Poolside Bliss: Enchanted 4BR Townhome,TH 4,CHAMPIONS GATE,CHAMPIONS GATE TH 4,Mar,3652.0,3652.0,0.8,31,6000.0,1800.0,6096.0,24.8,147.25806451612902,117.80645161290323,7029.8,13896.0,20925.8,1908.1833333333334
340885,3790.0,04.Apr,1556 PD - Poolside Bliss: Enchanted 4BR Townhome,TH 4,CHAMPIONS GATE,CHAMPIONS GATE TH 4,Apr,3790.0,3790.0,0.8,30,6000.0,1800.0,6096.0,24.0,157.91666666666666,126.33333333333333,7029.8,13896.0,20925.8,2046.1833333333334
340885,2139.0,05.May,1556 PD - Poolside Bliss: Enchanted 4BR Townhome,TH 4,CHAMPIONS GATE,CHAMPIONS GATE TH 4,May,2139.0,2139.0,0.6,31,6000.0,1800.0,6096.0,18.599999999999998,115.00000000000001,69.0,7029.8,13896.0,20925.8,395.1833333333334
340885,3374.0,06.Jun,1556 PD - Poolside Bliss: Enchanted 4BR Townhome,TH 4,CHAMPIONS GATE,CHAMPIONS GATE TH 4,Jun,3374.0,3374.0,0.75,30,6000.0,1800.0,6096.0,22.5,149.95555555555555,112.46666666666667,7029.8,13896.0,20925.8,1630.1833333333334
340885,3352.0,07.Jul,1556 PD - Poolside Bliss: Enchanted 4BR Townhome,TH 4,CHAMPIONS GATE,CHAMPIONS GATE TH 4,Jul,3352.0,3352.0,0.8,31,6000.0,1800.0,6096.0,24.8,135.16129032258064,108.12903225806451,7029.8,13896.0,20925.8,1608.1833333333334
340885,2530.0,08.Aug,1556 PD - Poolside Bliss: Enchanted 4BR Townhome,TH 4,CHAMPIONS GATE,CHAMPIONS GATE TH 4,Aug,2530.0,2530.0,0.7,31,6000.0,1800.0,6096.0,21.7,116.58986175115207,81.61290322580645,7029.8,13896.0,20925.8,786.1833333333334
340885,1725.0,09.Sep,1556 PD - Poolside Bliss: Enchanted 4BR Townhome,TH 4,CHAMPIONS GATE,CHAMPIONS GATE TH 4,Sep,1725.0,1725.0,0.6,30,6000.0,1800.0,6096.0,18.0,95.83333333333333,57.5,7029.8,13896.0,20925.8,-18.816666666666606
340885,2604.0,10.Oct,1556 PD - Poolside Bliss: Enchanted 4BR Townhome,TH 4,CHAMPIONS GATE,CHAMPIONS GATE TH 4,Oct,2604.0,2604.0,0.7,31,6000.0,1800.0,6096.0,21.7,120.0,84.0,7029.8,13896.0,20925.8,860.1833333333334
340885,2567.0,11.Nov,1556 PD - Poolside Bliss: Enchanted 4BR Townhome,TH 4,CHAMPIONS GATE,CHAMPIONS GATE TH 4,Nov,2567.0,2567.0,0.7,30,6000.0,1800.0,6096.0,21.0,122.23809523809524,85.56666666666666,7029.8,13896.0,20925.8,823.1833333333334
340885,4200.0,12.Dec,1556 PD - Poolside Bliss: Enchanted 4BR Townhome,TH 4,CHAMPIONS GATE,CHAMPIONS GATE TH 4,Dec,4200.0,4200.0,0.7,31,6000.0,1800.0,6096.0,21.7,193.5483870967742,135.48387096774192,7029.8,13896.0,20925.8,2456.1833333333334
434322,3678.0,01.Jan,871 DS - Exquisite 5BR Retreat with Pool,SF 5,CHAMPIONS GATE,CHAMPIONS GATE SF 5,Jan,3678.0,3678.0,0.75,31,6000.0,1800.0,7380.0,23.25,158.19354838709677,118.64516129032258,8753.4,15180.0,23933.4,1683.55
434322,3034.0,02.Feb,871 DS - Exquisite 5BR Retreat with Pool,SF 5,CHAMPIONS GATE,CHAMPIONS GATE SF 5,Feb,3034.0,3034.0,0.75,28,6000.0,1800.0,7380.0,21.0,144.47619047619048,108.35714285714286,8753.4,15180.0,23933.4,1039.55
434322,4328.0,03.Mar,871 DS - Exquisite 5BR Retreat with Pool,SF 5,CHAMPIONS GATE,CHAMPIONS GATE SF 5,Mar,4328.0,4328.0,0.8,31,6000.0,1800.0,7380.0,24.8,174.51612903225805,139.61290322580646,8753.4,15180.0,23933.4,2333.55
434322,4956.0,04.Apr,871 DS - Exquisite 5BR Retreat with Pool,SF 5,CHAMPIONS GATE,CHAMPIONS GATE SF 5,Apr,4956.0,4956.0,0.8,30,6000.0,1800.0,7380.0,24.0,206.5,165.2,8753.4,15180.0,23933.4,2961.55
434322,2790.0,05.May,871 DS - Exquisite 5BR Retreat with Pool,SF 5,CHAMPIONS GATE,CHAMPIONS GATE SF 5,May,2790.0,2790.0,0.6,31,6000.0,1800.0,7380.0,18.599999999999998,150.00000000000003,90.0,8753.4,15180.0,23933.4,795.55
434322,3976.0,06.Jun,871 DS - Exquisite 5BR Retreat with Pool,SF 5,CHAMPIONS GATE,CHAMPIONS GATE SF 5,Jun,3976.0,3976.0,0.75,30,6000.0,1800.0,7380.0,22.5,176.7111111111111,132.53333333333333,8753.4,15180.0,23933.4,1981.55
434322,3995.0,07.Jul,871 DS - Exquisite 5BR Retreat with Pool,SF 5,CHAMPIONS GATE,CHAMPIONS GATE SF 5,Jul,3995.0,3995.0,0.8,31,6000.0,1800.0,7380.0,24.8,161.08870967741936,128.8709677419355,8753.4,15180.0,23933.4,2000.55
434322,3320.0,08.Aug,871 DS - Exquisite 5BR Retreat with Pool,SF 5,CHAMPIONS GATE,CHAMPIONS GATE SF 5,Aug,3320.0,3320.0,0.7,31,6000.0,1800.0,7380.0,21.7,152.99539170506912,107.09677419354838,8753.4,15180.0,23933.4,1325.55
434322,2100.0,09.Sep,871 DS - Exquisite 5BR Retreat with Pool,SF 5,CHAMPIONS GATE,CHAMPIONS GATE SF 5,Sep,2100.0,2100.0,0.6,30,6000.0,1800.0,7380.0,18.0,116.66666666666667,70.0,8753.4,15180.0,23933.4,105.54999999999995
434322,3162.0,10.Oct,871 DS - Exquisite 5BR Retreat with Pool,SF 5,CHAMPIONS GATE,CHAMPIONS GATE SF 5,Oct,3162.0,3162.0,0.7,31,6000.0,1800.0,7380.0,21.7,145.71428571428572,102.0,8753.4,15180.0,23933.4,1167.55
434322,3276.0,11.Nov,871 DS - Exquisite 5BR Retreat with Pool,SF 5,CHAMPIONS GATE,CHAMPIONS GATE SF 5,Nov,3276.0,3276.0,0.7,30,6000.0,1800.0,7380.0,21.0,156.0,109.2,8753.4,15180.0,23933.4,1281.55
434322,5152.0,12.Dec,871 DS - Exquisite 5BR Retreat with Pool,SF 5,CHAMPIONS GATE,CHAMPIONS GATE SF 5,Dec,5152.0,5152.0,0.7,31,6000.0,1800.0,7380.0,21.7,237.4193548387097,166.19354838709677,8753.4,15180.0,23933.4,3157.55
597059,3387.0,01.Jan,117 JW - 5BR Resort Townhome: Private Pool,TH 5,WINDSOR ISLAND,WINDSOR ISLAND TH 5,Jan,3387.0,3387.0,0.75,31,6000.0,1800.0,7380.0,23.25,145.67741935483872,109.25806451612904,8319.2,15180.0,23499.2,1428.7333333333333
597059,2746.0,02.Feb,117 JW - 5BR Resort Townhome: Private Pool,TH 5,WINDSOR ISLAND,WINDSOR ISLAND TH 5,Feb,2746.0,2746.0,0.75,28,6000.0,1800.0,7380.0,21.0,130.76190476190476,98.07142857142857,8319.2,15180.0,23499.2,787.7333333333333
597059,4350.0,03.Mar,117 JW - 5BR Resort Townhome: Private Pool,TH 5,WINDSOR ISLAND,WINDSOR ISLAND TH 5,Mar,4350.0,4350.0,0.8,31,6000.0,1800.0,7380.0,24.8,175.40322580645162,140.32258064516128,8319.2,15180.0,23499.2,2391.7333333333336
597059,4433.0,04.Apr,117 JW - 5BR Resort Townhome: Private Pool,TH 5,WINDSOR ISLAND,WINDSOR ISLAND TH 5,Apr,4433.0,4433.0,0.8,30,6000.0,1800.0,7380.0,24.0,184.70833333333334,147.76666666666668,8319.2,15180.0,23499.2,2474.7333333333336
597059,2604.0,05.May,117 JW - 5BR Resort Townhome: Private Pool,TH 5,WINDSOR ISLAND,WINDSOR ISLAND TH 5,May,2604.0,2604.0,0.6,31,6000.0,1800.0,7380.0,18.599999999999998,140.00000000000003,84.0,8319.2,15180.0,23499.2,645.7333333333333
597059,3938.0,06.Jun,117 JW - 5BR Resort Townhome: Private Pool,TH 5,WINDSOR ISLAND,WINDSOR ISLAND TH 5,Jun,3938.0,3938.0,0.75,30,6000.0,1800.0,7380.0,22.5,175.0222222222222,131.26666666666668,8319.2,15180.0,23499.2,1979.7333333333333
597059,4020.0,07.Jul,117 JW - 5BR Resort Townhome: Private Pool,TH 5,WINDSOR ISLAND,WINDSOR ISLAND TH 5,Jul,4020.0,4020.0,0.8,31,6000.0,1800.0,7380.0,24.8,162.09677419354838,129.67741935483872,8319.2,15180.0,23499.2,2061.7333333333336
597059,3349.0,08.Aug,117 JW - 5BR Resort Townhome: Private Pool,TH 5,WINDSOR ISLAND,WINDSOR ISLAND TH 5,Aug,3349.0,3349.0,0.7,31,6000.0,1800.0,7380.0,21.7,154.33179723502306,108.03225806451613,8319.2,15180.0,23499.2,1390.7333333333333
597059,1950.0,09.Sep,117 JW - 5BR Resort Townhome: Private Pool,TH 5,WINDSOR ISLAND,WINDSOR ISLAND TH 5,Sep,1950.0,1950.0,0.6,30,6000.0,1800.0,7380.0,18.0,108.33333333333333,65.0,8319.2,15180.0,23499.2,-8.266666666666652
597059,2883.0,10.Oct,117 JW - 5BR Resort Townhome: Private Pool,TH 5,WINDSOR ISLAND,WINDSOR ISLAND TH 5,Oct,2883.0,2883.0,0.7,31,6000.0,1800.0,7380.0,21.7,132.85714285714286,93.0,8319.2,15180.0,23499.2,924.7333333333333
597059,3065.0,11.Nov,117 JW - 5BR Resort Townhome: Private Pool,TH 5,WINDSOR ISLAND,WINDSOR ISLAND TH 5,Nov,3065.0,3065.0,0.7,30,6000.0,1800.0,7380.0,21.0,145.95238095238096,102.16666666666667,8319.2,15180.0,23499.2,1106.7333333333333
597059,4871.0,12.Dec,117 JW - 5BR Resort Townhome: Private Pool,TH 5,WINDSOR ISLAND,WINDSOR ISLAND TH 5,Dec,4871.0,4871.0,0.7,31,6000.0,1800.0,7380.0,21.7,224.47004608294932,157.1290322580645,8319.2,15180.0,23499.2,2912.7333333333336
523360,2565.0,01.Jan,162 CD - 4-Bed Retreat: Pool & Disney Magic,TH 4,FESTIVAL,FESTIVAL TH 4,Jan,2565.0,2565.0,0.75,31,6000.0,1800.0,6096.0,23.25,110.3225806451613,82.74193548387096,6423.8,13896.0,20319.8,871.6833333333334
523360,2242.0,02.Feb,162 CD - 4-Bed Retreat: Pool & Disney Magic,TH 4,FESTIVAL,FESTIVAL TH 4,Feb,2242.0,2242.0,0.75,28,6000.0,1800.0,6096.0,21.0,106.76190476190476,80.07142857142857,6423.8,13896.0,20319.8,548.6833333333334
523360,3336.0,03.Mar,162 CD - 4-Bed Retreat: Pool & Disney Magic,TH 4,FESTIVAL,FESTIVAL TH 4,Mar,3336.0,3336.0,0.8,31,6000.0,1800.0,6096.0,24.8,134.51612903225805,107.61290322580645,6423.8,13896.0,20319.8,1642.6833333333334
523360,3429.0,04.Apr,162 CD - 4-Bed Retreat: Pool & Disney Magic,TH 4,FESTIVAL,FESTIVAL TH 4,Apr,3429.0,3429.0,0.8,30,6000.0,1800.0,6096.0,24.0,142.875,114.3,6423.8,13896.0,20319.8,1735.6833333333334
523360,2046.0,05.May,162 CD - 4-Bed Retreat: Pool & Disney Magic,TH 4,FESTIVAL,FESTIVAL TH 4,May,2046.0,2046.0,0.6,31,6000.0,1800.0,6096.0,18.599999999999998,110.00000000000001,66.0,6423.8,13896.0,20319.8,352.6833333333334
523360,3086.0,06.Jun,162 CD - 4-Bed Retreat: Pool & Disney Magic,TH 4,FESTIVAL,FESTIVAL TH 4,Jun,3086.0,3086.0,0.75,30,6000.0,1800.0,6096.0,22.5,137.15555555555557,102.86666666666666,6423.8,13896.0,20319.8,1392.6833333333334
523360,3048.0,07.Jul,162 CD - 4-Bed Retreat: Pool & Disney Magic,TH 4,FESTIVAL,FESTIVAL TH 4,Jul,3048.0,3048.0,0.8,31,6000.0,1800.0,6096.0,24.8,122.90322580645162,98.3225806451613,6423.8,13896.0,20319.8,1354.6833333333334
523360,2539.0,08.Aug,162 CD - 4-Bed Retreat: Pool & Disney Magic,TH 4,FESTIVAL,FESTIVAL TH 4,Aug,2539.0,2539.0,0.7,31,6000.0,1800.0,6096.0,21.7,117.00460829493088,81.90322580645162,6423.8,13896.0,20319.8,845.6833333333334
523360,1500.0,09.Sep,162 CD - 4-Bed Retreat: Pool & Disney Magic,TH 4,FESTIVAL,FESTIVAL TH 4,Sep,1500.0,1500.0,0.6,30,6000.0,1800.0,6096.0,18.0,83.33333333333333,50.0,6423.8,13896.0,20319.8,-193.3166666666666
523360,2325.0,10.Oct,162 CD - 4-Bed Retreat: Pool & Disney Magic,TH 4,FESTIVAL,FESTIVAL TH 4,Oct,2325.0,2325.0,0.7,31,6000.0,1800.0,6096.0,21.7,107.14285714285715,75.0,6423.8,13896.0,20319.8,631.6833333333334
523360,2381.0,11.Nov,162 CD - 4-Bed Retreat: Pool & Disney Magic,TH 4,FESTIVAL,FESTIVAL TH 4,Nov,2381.0,2381.0,0.7,30,6000.0,1800.0,6096.0,21.0,113.38095238095238,79.36666666666666,6423.8,13896.0,20319.8,687.6833333333334
523360,3622.0,12.Dec,162 CD - 4-Bed Retreat: Pool & Disney Magic,TH 4,FESTIVAL,FESTIVAL TH 4,Dec,3622.0,3622.0,0.7,31,6000.0,1800.0,6096.0,21.7,166.91244239631337,116.83870967741936,6423.8,13896.0,20319.8,1928.6833333333334
769769,2078.0,01.Jan,17413 PA - Serenity Luxury Pool Villa: 3BR Bliss,3 BDR,SEM CONDOMÍNIO,SEM CONDOMÍNIO 3 BDR,Jan,2078.0,2078.0,0.75,31,0.0,0.0,0.0,23.25,89.3763440860215,67.03225806451613,5193.200000000001,0.0,5193.200000000001,1645.2333333333333
769769,1920.0,02.Feb,17413 PA - Serenity Luxury Pool Villa: 3BR Bliss,3 BDR,SEM CONDOMÍNIO,SEM CONDOMÍNIO 3 BDR,Feb,1920.0,1920.0,0.75,28,0.0,0.0,0.0,21.0,91.42857142857143,68.57142857142857,5193.200000000001,0.0,5193.200000000001,1487.2333333333333
769769,2777.0,03.Mar,17413 PA - Serenity Luxury Pool Villa: 3BR Bliss,3 BDR,SEM CONDOMÍNIO,SEM CONDOMÍNIO 3 BDR,Mar,2777.0,2777.0,0.8,31,0.0,0.0,0.0,24.8,111.9758064516129,89.58064516129032,5193.200000000001,0.0,5193.200000000001,2344.233333333333
769769,2910.0,04.Apr,17413 PA - Serenity Luxury Pool Villa: 3BR Bliss,3 BDR,SEM CONDOMÍNIO,SEM CONDOMÍNIO 3 BDR,Apr,2910.0,2910.0,0.8,30,0.0,0.0,0.0,24.0,121.25,97.0,5193.200000000001,0.0,5193.200000000001,2477.233333333333
769769,1445.0,05.May,17413 PA - Serenity Luxury Pool Villa: 3BR Bliss,3 BDR,SEM CONDOMÍNIO,SEM CONDOMÍNIO 3 BDR,May,1445.0,1445.0,0.6,31,0.0,0.0,0.0,18.599999999999998,77.68817204301077,46.61290322580645,5193.200000000001,0.0,5193.200000000001,1012.2333333333333
769769,2516.0,06.Jun,17413 PA - Serenity Luxury Pool Villa: 3BR Bliss,3 BDR,SEM CONDOMÍNIO,SEM CONDOMÍNIO 3 BDR,Jun,2516.0,2516.0,0.75,30,0.0,0.0,0.0,22.5,111.82222222222222,83.86666666666666,5193.200000000001,0.0,5193.200000000001,2083.233333333333
769769,2162.0,07.Jul,17413 PA - Serenity Luxury Pool Villa: 3BR Bliss,3 BDR,SEM CONDOMÍNIO,SEM CONDOMÍNIO 3 BDR,Jul,2162.0,2162.0,0.8,31,0.0,0.0,0.0,24.8,87.1774193548387,69.74193548387096,5193.200000000001,0.0,5193.200000000001,1729.2333333333333
769769,2110.0,08.Aug,17413 PA - Serenity Luxury Pool Villa: 3BR Bliss,3 BDR,SEM CONDOMÍNIO,SEM CONDOMÍNIO 3 BDR,Aug,2110.0,2110.0,0.7,31,0.0,0.0,0.0,21.7,97.23502304147466,68.06451612903226,5193.200000000001,0.0,5193.200000000001,1677.2333333333333
769769,1290.0,09.Sep,17413 PA - Serenity Luxury Pool Villa: 3BR Bliss,3 BDR,SEM CONDOMÍNIO,SEM CONDOMÍNIO 3 BDR,Sep,1290.0,1290.0,0.6,30,0.0,0.0,0.0,18.0,71.66666666666667,43.0,5193.200000000001,0.0,5193.200000000001,857.2333333333333
769769,1934.0,10.Oct,17413 PA - Serenity Luxury Pool Villa: 3BR Bliss,3 BDR,SEM CONDOMÍNIO,SEM CONDOMÍNIO 3 BDR,Oct,1934.0,1934.0,0.7,31,0.0,0.0,0.0,21.7,89.12442396313364,62.38709677419355,5193.200000000001,0.0,5193.200000000001,1501.2333333333333
769769,1964.0,11.Nov,17413 PA - Serenity Luxury Pool Villa: 3BR Bliss,3 BDR,SEM CONDOMÍNIO,SEM CONDOMÍNIO 3 BDR,Nov,1964.0,1964.0,0.7,30,0.0,0.0,0.0,21.0,93.52380952380952,65.46666666666667,5193.200000000001,0.0,5193.200000000001,1531.2333333333333
769769,2860.0,12.Dec,17413 PA - Serenity Luxury Pool Villa: 3BR Bliss,3 BDR,SEM CONDOMÍNIO,SEM CONDOMÍNIO 3 BDR,Dec,2860.0,2860.0,0.7,31,0.0,0.0,0.0,21.7,131.79723502304148,92.25806451612904,5193.200000000001,0.0,5193.200000000001,2427.233333333333
821058,3225.0,01.Jan,2027 MD - Windsor Westside Tranquil Haven,TH 5,WINDSOR AT WESTSIDE,WINDSOR AT WESTSIDE TH 5,Jan,3225.0,3225.0,0.75,31,6000.0,1800.0,7260.0,23.25,138.70967741935485,104.03225806451613,7833.6,15060.0,22893.6,1317.2
821058,2627.0,02.Feb,2027 MD - Windsor Westside Tranquil Haven,TH 5,WINDSOR AT WESTSIDE,WINDSOR AT WESTSIDE TH 5,Feb,2627.0,2627.0,0.75,28,6000.0,1800.0,7260.0,21.0,125.0952380952381,93.82142857142857,7833.6,15060.0,22893.6,719.2
821058,4147.0,03.Mar,2027 MD - Windsor Westside Tranquil Haven,TH 5,WINDSOR AT WESTSIDE,WINDSOR AT WESTSIDE TH 5,Mar,4147.0,4147.0,0.8,31,6000.0,1800.0,7260.0,24.8,167.21774193548387,133.7741935483871,7833.6,15060.0,22893.6,2239.2
821058,4343.0,04.Apr,2027 MD - Windsor Westside Tranquil Haven,TH 5,WINDSOR AT WESTSIDE,WINDSOR AT WESTSIDE TH 5,Apr,4343.0,4343.0,0.8,30,6000.0,1800.0,7260.0,24.0,180.95833333333334,144.76666666666668,7833.6,15060.0,22893.6,2435.2
821058,2325.0,05.May,2027 MD - Windsor Westside Tranquil Haven,TH 5,WINDSOR AT WESTSIDE,WINDSOR AT WESTSIDE TH 5,May,2325.0,2325.0,0.6,31,6000.0,1800.0,7260.0,18.599999999999998,125.00000000000001,75.0,7833.6,15060.0,22893.6,417.20000000000005
821058,3726.0,06.Jun,2027 MD - Windsor Westside Tranquil Haven,TH 5,WINDSOR AT WESTSIDE,WINDSOR AT WESTSIDE TH 5,Jun,3726.0,3726.0,0.75,30,6000.0,1800.0,7260.0,22.5,165.6,124.2,7833.6,15060.0,22893.6,1818.2
821058,3864.0,07.Jul,2027 MD - Windsor Westside Tranquil Haven,TH 5,WINDSOR AT WESTSIDE,WINDSOR AT WESTSIDE TH 5,Jul,3864.0,3864.0,0.8,31,6000.0,1800.0,7260.0,24.8,155.80645161290323,124.64516129032258,7833.6,15060.0,22893.6,1956.2
821058,3151.0,08.Aug,2027 MD - Windsor Westside Tranquil Haven,TH 5,WINDSOR AT WESTSIDE,WINDSOR AT WESTSIDE TH 5,Aug,3151.0,3151.0,0.7,31,6000.0,1800.0,7260.0,21.7,145.2073732718894,101.64516129032258,7833.6,15060.0,22893.6,1243.2
821058,1725.0,09.Sep,2027 MD - Windsor Westside Tranquil Haven,TH 5,WINDSOR AT WESTSIDE,WINDSOR AT WESTSIDE TH 5,Sep,1725.0,1725.0,0.6,30,6000.0,1800.0,7260.0,18.0,95.83333333333333,57.5,7833.6,15060.0,22893.6,-182.79999999999995
821058,2697.0,10.Oct,2027 MD - Windsor Westside Tranquil Haven,TH 5,WINDSOR AT WESTSIDE,WINDSOR AT WESTSIDE TH 5,Oct,2697.0,2697.0,0.7,31,6000.0,1800.0,7260.0,21.7,124.28571428571429,87.0,7833.6,15060.0,22893.6,789.2
821058,2898.0,11.Nov,2027 MD - Windsor Westside Tranquil Haven,TH 5,WINDSOR AT WESTSIDE,WINDSOR AT WESTSIDE TH 5,Nov,2898.0,2898.0,0.7,30,6000.0,1800.0,7260.0,21.0,138.0,96.6,7833.6,15060.0,22893.6,990.2
821058,4440.0,12.Dec,2027 MD - Windsor Westside Tranquil Haven,TH 5,WINDSOR AT WESTSIDE,WINDSOR AT WESTSIDE TH 5,Dec,4440.0,4440.0,0.7,31,6000.0,1800.0,7260.0,21.7,204.6082949308756,143.2258064516129,7833.6,15060.0,22893.6,2532.2
492790,2904.0,01.Jan,2182 FMP - 4BR Luxury Townhome Pool Disney,TH 4,SOLARA RESORT,SOLARA RESORT TH 4,Jan,2904.0,2904.0,0.75,31,6000.0,1800.0,6096.0,23.25,124.90322580645162,93.6774193548387,7242.400000000001,13896.0,21138.4,1142.4666666666665
492790,2530.0,02.Feb,2182 FMP - 4BR Luxury Townhome Pool Disney,TH 4,SOLARA RESORT,SOLARA RESORT TH 4,Feb,2530.0,2530.0,0.75,28,6000.0,1800.0,6096.0,21.0,120.47619047619048,90.35714285714286,7242.400000000001,13896.0,21138.4,768.4666666666665
492790,3764.0,03.Mar,2182 FMP - 4BR Luxury Townhome Pool Disney,TH 4,SOLARA RESORT,SOLARA RESORT TH 4,Mar,3764.0,3764.0,0.8,31,6000.0,1800.0,6096.0,24.8,151.7741935483871,121.41935483870968,7242.400000000001,13896.0,21138.4,2002.4666666666665
492790,3869.0,04.Apr,2182 FMP - 4BR Luxury Townhome Pool Disney,TH 4,SOLARA RESORT,SOLARA RESORT TH 4,Apr,3869.0,3869.0,0.8,30,6000.0,1800.0,6096.0,24.0,161.20833333333334,128.96666666666667,7242.400000000001,13896.0,21138.4,2107.4666666666662
492790,2232.0,05.May,2182 FMP - 4BR Luxury Townhome Pool Disney,TH 4,SOLARA RESORT,SOLARA RESORT TH 4,May,2232.0,2232.0,0.6,31,6000.0,1800.0,6096.0,18.599999999999998,120.00000000000001,72.0,7242.400000000001,13896.0,21138.4,470.46666666666647
492790,3416.0,06.Jun,2182 FMP - 4BR Luxury Townhome Pool Disney,TH 4,SOLARA RESORT,SOLARA RESORT TH 4,Jun,3416.0,3416.0,0.75,30,6000.0,1800.0,6096.0,22.5,151.82222222222222,113.86666666666666,7242.400000000001,13896.0,21138.4,1654.4666666666665
492790,3448.0,07.Jul,2182 FMP - 4BR Luxury Townhome Pool Disney,TH 4,SOLARA RESORT,SOLARA RESORT TH 4,Jul,3448.0,3448.0,0.8,31,6000.0,1800.0,6096.0,24.8,139.03225806451613,111.2258064516129,7242.400000000001,13896.0,21138.4,1686.4666666666665
492790,2895.0,08.Aug,2182 FMP - 4BR Luxury Townhome Pool Disney,TH 4,SOLARA RESORT,SOLARA RESORT TH 4,Aug,2895.0,2895.0,0.7,31,6000.0,1800.0,6096.0,21.7,133.41013824884794,93.38709677419355,7242.400000000001,13896.0,21138.4,1133.4666666666665
492790,1800.0,09.Sep,2182 FMP - 4BR Luxury Townhome Pool Disney,TH 4,SOLARA RESORT,SOLARA RESORT TH 4,Sep,1800.0,1800.0,0.6,30,6000.0,1800.0,6096.0,18.0,100.0,60.0,7242.400000000001,13896.0,21138.4,38.46666666666647
492790,2697.0,10.Oct,2182 FMP - 4BR Luxury Townhome Pool Disney,TH 4,SOLARA RESORT,SOLARA RESORT TH 4,Oct,2697.0,2697.0,0.7,31,6000.0,1800.0,6096.0,21.7,124.28571428571429,87.0,7242.400000000001,13896.0,21138.4,935.4666666666665
492790,2652.0,11.Nov,2182 FMP - 4BR Luxury Townhome Pool Disney,TH 4,SOLARA RESORT,SOLARA RESORT TH 4,Nov,2652.0,2652.0,0.7,30,6000.0,1800.0,6096.0,21.0,126.28571428571429,88.4,7242.400000000001,13896.0,21138.4,890.4666666666665
492790,4005.0,12.Dec,2182 FMP - 4BR Luxury Townhome Pool Disney,TH 4,SOLARA RESORT,SOLARA RESORT TH 4,Dec,4005.0,4005.0,0.7,31,6000.0,1800.0,6096.0,21.7,184.56221198156683,129.19354838709677,7242.400000000001,13896.0,21138.4,2243.4666666666662
597971,2260.0,01.Jan,"2306 SP - Disney Villa: 2BR, Pool, Near Magic!",2 BDR,WINDSOR PALMS,WINDSOR PALMS 2 BDR,Jan,2260.0,2260.0,0.75,31,0.0,0.0,0.0,23.25,97.20430107526882,72.90322580645162,6020.8,0.0,6020.8,1758.2666666666667
597971,2072.0,02.Feb,"2306 SP - Disney Villa: 2BR, Pool, Near Magic!",2 BDR,WINDSOR PALMS,WINDSOR PALMS 2 BDR,Feb,2072.0,2072.0,0.75,28,0.0,0.0,0.0,21.0,98.66666666666667,74.0,6020.8,0.0,6020.8,1570.2666666666667
597971,3020.0,03.Mar,"2306 SP - Disney Villa: 2BR, Pool, Near Magic!",2 BDR,WINDSOR PALMS,WINDSOR PALMS 2 BDR,Mar,3020.0,3020.0,0.8,31,0.0,0.0,0.0,24.8,121.77419354838709,97.41935483870968,6020.8,0.0,6020.8,2518.2666666666664
597971,3226.0,04.Apr,"2306 SP - Disney Villa: 2BR, Pool, Near Magic!",2 BDR,WINDSOR PALMS,WINDSOR PALMS 2 BDR,Apr,3226.0,3226.0,0.8,30,0.0,0.0,0.0,24.0,134.41666666666666,107.53333333333333,6020.8,0.0,6020.8,2724.2666666666664
597971,2232.0,05.May,"2306 SP - Disney Villa: 2BR, Pool, Near Magic!",2 BDR,WINDSOR PALMS,WINDSOR PALMS 2 BDR,May,2232.0,2232.0,0.6,31,0.0,0.0,0.0,18.599999999999998,120.00000000000001,72.0,6020.8,0.0,6020.8,1730.2666666666667
597971,3055.0,06.Jun,"2306 SP - Disney Villa: 2BR, Pool, Near Magic!",2 BDR,WINDSOR PALMS,WINDSOR PALMS 2 BDR,Jun,3055.0,3055.0,0.75,30,0.0,0.0,0.0,22.5,135.77777777777777,101.83333333333333,6020.8,0.0,6020.8,2553.2666666666664
597971,2779.0,07.Jul,"2306 SP - Disney Villa: 2BR, Pool, Near Magic!",2 BDR,WINDSOR PALMS,WINDSOR PALMS 2 BDR,Jul,2779.0,2779.0,0.8,31,0.0,0.0,0.0,24.8,112.05645161290322,89.64516129032258,6020.8,0.0,6020.8,2277.2666666666664
597971,2470.0,08.Aug,"2306 SP - Disney Villa: 2BR, Pool, Near Magic!",2 BDR,WINDSOR PALMS,WINDSOR PALMS 2 BDR,Aug,2470.0,2470.0,0.7,31,0.0,0.0,0.0,21.7,113.82488479262673,79.6774193548387,6020.8,0.0,6020.8,1968.2666666666667
597971,1500.0,09.Sep,"2306 SP - Disney Villa: 2BR, Pool, Near Magic!",2 BDR,WINDSOR PALMS,WINDSOR PALMS 2 BDR,Sep,1500.0,1500.0,0.6,30,0.0,0.0,0.0,18.0,83.33333333333333,50.0,6020.8,0.0,6020.8,998.2666666666667
597971,2232.0,10.Oct,"2306 SP - Disney Villa: 2BR, Pool, Near Magic!",2 BDR,WINDSOR PALMS,WINDSOR PALMS 2 BDR,Oct,2232.0,2232.0,0.7,31,0.0,0.0,0.0,21.7,102.85714285714286,72.0,6020.8,0.0,6020.8,1730.2666666666667
597971,2318.0,11.Nov,"2306 SP - Disney Villa: 2BR, Pool, Near Magic!",2 BDR,WINDSOR PALMS,WINDSOR PALMS 2 BDR,Nov,2318.0,2318.0,0.7,30,0.0,0.0,0.0,21.0,110.38095238095238,77.26666666666667,6020.8,0.0,6020.8,1816.2666666666667
597971,2940.0,12.Dec,"2306 SP - Disney Villa: 2BR, Pool, Near Magic!",2 BDR,WINDSOR PALMS,WINDSOR PALMS 2 BDR,Dec,2940.0,2940.0,0.7,31,0.0,0.0,0.0,21.7,135.48387096774195,94.83870967741936,6020.8,0.0,6020.8,2438.2666666666664
466759,2985.0,01.Jan,"2929 SS - Disney Delight: 4BR, Pool, Near Parks",TH 4,STOREY LAKE,STOREY LAKE TH 4,Jan,2985.0,2985.0,0.75,31,6000.0,1800.0,6096.0,23.25,128.38709677419354,96.29032258064517,7574.8,13896.0,21470.8,1195.7666666666667
466759,2627.0,02.Feb,"2929 SS - Disney Delight: 4BR, Pool, Near Parks",TH 4,STOREY LAKE,STOREY LAKE TH 4,Feb,2627.0,2627.0,0.75,28,6000.0,1800.0,6096.0,21.0,125.0952380952381,93.82142857142857,7574.8,13896.0,21470.8,837.7666666666667
466759,4237.0,03.Mar,"2929 SS - Disney Delight: 4BR, Pool, Near Parks",TH 4,STOREY LAKE,STOREY LAKE TH 4,Mar,4237.0,4237.0,0.8,31,6000.0,1800.0,6096.0,24.8,170.84677419354838,136.67741935483872,7574.8,13896.0,21470.8,2447.7666666666664
466759,4038.0,04.Apr,"2929 SS - Disney Delight: 4BR, Pool, Near Parks",TH 4,STOREY LAKE,STOREY LAKE TH 4,Apr,4038.0,4038.0,0.8,30,6000.0,1800.0,6096.0,24.0,168.25,134.6,7574.8,13896.0,21470.8,2248.7666666666664
466759,2325.0,05.May,"2929 SS - Disney Delight: 4BR, Pool, Near Parks",TH 4,STOREY LAKE,STOREY LAKE TH 4,May,2325.0,2325.0,0.6,31,6000.0,1800.0,6096.0,18.599999999999998,125.00000000000001,75.0,7574.8,13896.0,21470.8,535.7666666666667
466759,3524.0,06.Jun,"2929 SS - Disney Delight: 4BR, Pool, Near Parks",TH 4,STOREY LAKE,STOREY LAKE TH 4,Jun,3524.0,3524.0,0.75,30,6000.0,1800.0,6096.0,22.5,156.62222222222223,117.46666666666667,7574.8,13896.0,21470.8,1734.7666666666667
466759,3699.0,07.Jul,"2929 SS - Disney Delight: 4BR, Pool, Near Parks",TH 4,STOREY LAKE,STOREY LAKE TH 4,Jul,3699.0,3699.0,0.8,31,6000.0,1800.0,6096.0,24.8,149.15322580645162,119.3225806451613,7574.8,13896.0,21470.8,1909.7666666666667
466759,2984.0,08.Aug,"2929 SS - Disney Delight: 4BR, Pool, Near Parks",TH 4,STOREY LAKE,STOREY LAKE TH 4,Aug,2984.0,2984.0,0.7,31,6000.0,1800.0,6096.0,21.7,137.5115207373272,96.25806451612904,7574.8,13896.0,21470.8,1194.7666666666667
466759,1875.0,09.Sep,"2929 SS - Disney Delight: 4BR, Pool, Near Parks",TH 4,STOREY LAKE,STOREY LAKE TH 4,Sep,1875.0,1875.0,0.6,30,6000.0,1800.0,6096.0,18.0,104.16666666666667,62.5,7574.8,13896.0,21470.8,85.76666666666665
466759,2790.0,10.Oct,"2929 SS - Disney Delight: 4BR, Pool, Near Parks",TH 4,STOREY LAKE,STOREY LAKE TH 4,Oct,2790.0,2790.0,0.7,31,6000.0,1800.0,6096.0,21.7,128.57142857142858,90.0,7574.8,13896.0,21470.8,1000.7666666666667
466759,2740.0,11.Nov,"2929 SS - Disney Delight: 4BR, Pool, Near Parks",TH 4,STOREY LAKE,STOREY LAKE TH 4,Nov,2740.0,2740.0,0.7,30,6000.0,1800.0,6096.0,21.0,130.47619047619048,91.33333333333333,7574.8,13896.0,21470.8,950.7666666666667
466759,4050.0,12.Dec,"2929 SS - Disney Delight: 4BR, Pool, Near Parks",TH 4,STOREY LAKE,STOREY LAKE TH 4,Dec,4050.0,4050.0,0.7,31,6000.0,1800.0,6096.0,21.7,186.63594470046084,130.6451612903226,7574.8,13896.0,21470.8,2260.7666666666664
880638,4082.0,01.Jan,2940 PS - BR 5 - Relax Cozy Place Near Disney,SF 5,STOREY LAKE,STOREY LAKE SF 5,Jan,4082.0,4082.0,0.75,31,6000.0,1800.0,7380.0,23.25,175.56989247311827,131.67741935483872,10368.0,15180.0,25548.0,1953.0
880638,3419.0,02.Feb,2940 PS - BR 5 - Relax Cozy Place Near Disney,SF 5,STOREY LAKE,STOREY LAKE SF 5,Feb,3419.0,3419.0,0.75,28,6000.0,1800.0,7380.0,21.0,162.8095238095238,122.10714285714286,10368.0,15180.0,25548.0,1290.0
880638,5035.0,03.Mar,2940 PS - BR 5 - Relax Cozy Place Near Disney,SF 5,STOREY LAKE,STOREY LAKE SF 5,Mar,5035.0,5035.0,0.8,31,6000.0,1800.0,7380.0,24.8,203.0241935483871,162.41935483870967,10368.0,15180.0,25548.0,2906.0
880638,5952.0,04.Apr,2940 PS - BR 5 - Relax Cozy Place Near Disney,SF 5,STOREY LAKE,STOREY LAKE SF 5,Apr,5952.0,5952.0,0.8,30,6000.0,1800.0,7380.0,24.0,248.0,198.4,10368.0,15180.0,25548.0,3823.0
880638,3162.0,05.May,2940 PS - BR 5 - Relax Cozy Place Near Disney,SF 5,STOREY LAKE,STOREY LAKE SF 5,May,3162.0,3162.0,0.6,31,6000.0,1800.0,7380.0,18.599999999999998,170.00000000000003,102.0,10368.0,15180.0,25548.0,1033.0
880638,4637.0,06.Jun,2940 PS - BR 5 - Relax Cozy Place Near Disney,SF 5,STOREY LAKE,STOREY LAKE SF 5,Jun,4637.0,4637.0,0.75,30,6000.0,1800.0,7380.0,22.5,206.0888888888889,154.56666666666666,10368.0,15180.0,25548.0,2508.0
880638,5782.0,07.Jul,2940 PS - BR 5 - Relax Cozy Place Near Disney,SF 5,STOREY LAKE,STOREY LAKE SF 5,Jul,5782.0,5782.0,0.8,31,6000.0,1800.0,7380.0,24.8,233.14516129032256,186.51612903225808,10368.0,15180.0,25548.0,3653.0
880638,4199.0,08.Aug,2940 PS - BR 5 - Relax Cozy Place Near Disney,SF 5,STOREY LAKE,STOREY LAKE SF 5,Aug,4199.0,4199.0,0.7,31,6000.0,1800.0,7380.0,21.7,193.50230414746545,135.4516129032258,10368.0,15180.0,25548.0,2070.0
880638,2550.0,09.Sep,2940 PS - BR 5 - Relax Cozy Place Near Disney,SF 5,STOREY LAKE,STOREY LAKE SF 5,Sep,2550.0,2550.0,0.6,30,6000.0,1800.0,7380.0,18.0,141.66666666666666,85.0,10368.0,15180.0,25548.0,421.0
880638,3534.0,10.Oct,2940 PS - BR 5 - Relax Cozy Place Near Disney,SF 5,STOREY LAKE,STOREY LAKE SF 5,Oct,3534.0,3534.0,0.7,31,6000.0,1800.0,7380.0,21.7,162.85714285714286,114.0,10368.0,15180.0,25548.0,1405.0
880638,3912.0,11.Nov,2940 PS - BR 5 - Relax Cozy Place Near Disney,SF 5,STOREY LAKE,STOREY LAKE SF 5,Nov,3912.0,3912.0,0.7,30,6000.0,1800.0,7380.0,21.0,186.28571428571428,130.4,10368.0,15180.0,25548.0,1783.0
880638,5576.0,12.Dec,2940 PS - BR 5 - Relax Cozy Place Near Disney,SF 5,STOREY LAKE,STOREY LAKE SF 5,Dec,5576.0,5576.0,0.7,31,6000.0,1800.0,7380.0,21.7,256.95852534562215,179.8709677419355,10368.0,15180.0,25548.0,3447.0
334112,4648.0,01.Jan,"2957 FS - Luxury Oasis: 6BR Villa, Pool, Game",SF 6,STOREY LAKE,STOREY LAKE SF 6,Jan,4648.0,4648.0,0.75,31,6000.0,1800.0,8544.0,23.25,199.91397849462365,149.93548387096774,12271.400000000001,16344.0,28615.4,2263.383333333333
334112,4291.0,02.Feb,"2957 FS - Luxury Oasis: 6BR Villa, Pool, Game",SF 6,STOREY LAKE,STOREY LAKE SF 6,Feb,4291.0,4291.0,0.75,28,6000.0,1800.0,8544.0,21.0,204.33333333333334,153.25,12271.400000000001,16344.0,28615.4,1906.3833333333332
334112,6626.0,03.Mar,"2957 FS - Luxury Oasis: 6BR Villa, Pool, Game",SF 6,STOREY LAKE,STOREY LAKE SF 6,Mar,6626.0,6626.0,0.8,31,6000.0,1800.0,8544.0,24.8,267.1774193548387,213.74193548387098,12271.400000000001,16344.0,28615.4,4241.383333333333
334112,6866.0,04.Apr,"2957 FS - Luxury Oasis: 6BR Villa, Pool, Game",SF 6,STOREY LAKE,STOREY LAKE SF 6,Apr,6866.0,6866.0,0.8,30,6000.0,1800.0,8544.0,24.0,286.0833333333333,228.86666666666667,12271.400000000001,16344.0,28615.4,4481.383333333333
334112,3720.0,05.May,"2957 FS - Luxury Oasis: 6BR Villa, Pool, Game",SF 6,STOREY LAKE,STOREY LAKE SF 6,May,3720.0,3720.0,0.6,31,6000.0,1800.0,8544.0,18.599999999999998,200.00000000000003,120.0,12271.400000000001,16344.0,28615.4,1335.3833333333332
334112,5963.0,06.Jun,"2957 FS - Luxury Oasis: 6BR Villa, Pool, Game",SF 6,STOREY LAKE,STOREY LAKE SF 6,Jun,5963.0,5963.0,0.75,30,6000.0,1800.0,8544.0,22.5,265.02222222222224,198.76666666666668,12271.400000000001,16344.0,28615.4,3578.383333333333
334112,5991.0,07.Jul,"2957 FS - Luxury Oasis: 6BR Villa, Pool, Game",SF 6,STOREY LAKE,STOREY LAKE SF 6,Jul,5991.0,5991.0,0.8,31,6000.0,1800.0,8544.0,24.8,241.57258064516128,193.25806451612902,12271.400000000001,16344.0,28615.4,3606.383333333333
334112,5078.0,08.Aug,"2957 FS - Luxury Oasis: 6BR Villa, Pool, Game",SF 6,STOREY LAKE,STOREY LAKE SF 6,Aug,5078.0,5078.0,0.7,31,6000.0,1800.0,8544.0,21.7,234.00921658986175,163.80645161290323,12271.400000000001,16344.0,28615.4,2693.383333333333
334112,3000.0,09.Sep,"2957 FS - Luxury Oasis: 6BR Villa, Pool, Game",SF 6,STOREY LAKE,STOREY LAKE SF 6,Sep,3000.0,3000.0,0.6,30,6000.0,1800.0,8544.0,18.0,166.66666666666666,100.0,12271.400000000001,16344.0,28615.4,615.3833333333332
334112,4278.0,10.Oct,"2957 FS - Luxury Oasis: 6BR Villa, Pool, Game",SF 6,STOREY LAKE,STOREY LAKE SF 6,Oct,4278.0,4278.0,0.7,31,6000.0,1800.0,8544.0,21.7,197.14285714285714,138.0,12271.400000000001,16344.0,28615.4,1893.3833333333332
334112,4221.0,11.Nov,"2957 FS - Luxury Oasis: 6BR Villa, Pool, Game",SF 6,STOREY LAKE,STOREY LAKE SF 6,Nov,4221.0,4221.0,0.7,30,6000.0,1800.0,8544.0,21.0,201.0,140.7,12271.400000000001,16344.0,28615.4,1836.3833333333332
334112,6675.0,12.Dec,"2957 FS - Luxury Oasis: 6BR Villa, Pool, Game",SF 6,STOREY LAKE,STOREY LAKE SF 6,Dec,6675.0,6675.0,0.7,31,6000.0,1800.0,8544.0,21.7,307.6036866359447,215.32258064516128,12271.400000000001,16344.0,28615.4,4290.383333333333
975312,2061.0,01.Jan,3065 YL - Cozy 2BR Townhome - Encantada,2 BDR,ENCANTADA,ENCANTADA 2 BDR,Jan,2061.0,2061.0,0.75,31,0.0,0.0,0.0,23.25,88.64516129032258,66.48387096774194,5304.400000000001,0.0,5304.400000000001,1618.9666666666667
975312,1388.0,02.Feb,3065 YL - Cozy 2BR Townhome - Encantada,2 BDR,ENCANTADA,ENCANTADA 2 BDR,Feb,1388.0,1388.0,0.75,28,0.0,0.0,0.0,21.0,66.0952380952381,49.57142857142857,5304.400000000001,0.0,5304.400000000001,945.9666666666667
975312,2461.0,03.Mar,3065 YL - Cozy 2BR Townhome - Encantada,2 BDR,ENCANTADA,ENCANTADA 2 BDR,Mar,2461.0,2461.0,0.8,31,0.0,0.0,0.0,24.8,99.23387096774194,79.38709677419355,5304.400000000001,0.0,5304.400000000001,2018.9666666666667
975312,3387.0,04.Apr,3065 YL - Cozy 2BR Townhome - Encantada,2 BDR,ENCANTADA,ENCANTADA 2 BDR,Apr,3387.0,3387.0,0.8,30,0.0,0.0,0.0,24.0,141.125,112.9,5304.400000000001,0.0,5304.400000000001,2944.9666666666667
975312,1544.0,05.May,3065 YL - Cozy 2BR Townhome - Encantada,2 BDR,ENCANTADA,ENCANTADA 2 BDR,May,1544.0,1544.0,0.6,31,0.0,0.0,0.0,18.599999999999998,83.01075268817205,49.806451612903224,5304.400000000001,0.0,5304.400000000001,1101.9666666666667
975312,2725.0,06.Jun,3065 YL - Cozy 2BR Townhome - Encantada,2 BDR,ENCANTADA,ENCANTADA 2 BDR,Jun,2725.0,2725.0,0.75,30,0.0,0.0,0.0,22.5,121.11111111111111,90.83333333333333,5304.400000000001,0.0,5304.400000000001,2282.9666666666667
975312,2091.0,07.Jul,3065 YL - Cozy 2BR Townhome - Encantada,2 BDR,ENCANTADA,ENCANTADA 2 BDR,Jul,2091.0,2091.0,0.8,31,0.0,0.0,0.0,24.8,84.31451612903226,67.45161290322581,5304.400000000001,0.0,5304.400000000001,1648.9666666666667
975312,2374.0,08.Aug,3065 YL - Cozy 2BR Townhome - Encantada,2 BDR,ENCANTADA,ENCANTADA 2 BDR,Aug,2374.0,2374.0,0.7,31,0.0,0.0,0.0,21.7,109.40092165898618,76.58064516129032,5304.400000000001,0.0,5304.400000000001,1931.9666666666667
975312,1245.0,09.Sep,3065 YL - Cozy 2BR Townhome - Encantada,2 BDR,ENCANTADA,ENCANTADA 2 BDR,Sep,1245.0,1245.0,0.6,30,0.0,0.0,0.0,18.0,69.16666666666667,41.5,5304.400000000001,0.0,5304.400000000001,802.9666666666667
975312,1897.0,10.Oct,3065 YL - Cozy 2BR Townhome - Encantada,2 BDR,ENCANTADA,ENCANTADA 2 BDR,Oct,1897.0,1897.0,0.7,31,0.0,0.0,0.0,21.7,87.41935483870968,61.193548387096776,5304.400000000001,0.0,5304.400000000001,1454.9666666666667
975312,2145.0,11.Nov,3065 YL - Cozy 2BR Townhome - Encantada,2 BDR,ENCANTADA,ENCANTADA 2 BDR,Nov,2145.0,2145.0,0.7,30,0.0,0.0,0.0,21.0,102.14285714285714,71.5,5304.400000000001,0.0,5304.400000000001,1702.9666666666667
975312,3204.0,12.Dec,3065 YL - Cozy 2BR Townhome - Encantada,2 BDR,ENCANTADA,ENCANTADA 2 BDR,Dec,3204.0,3204.0,0.7,31,0.0,0.0,0.0,21.7,147.64976958525347,103.35483870967742,5304.400000000001,0.0,5304.400000000001,2761.9666666666667
802133,2808.0,01.Jan,3131 PD - Luxury 3-Bed Condo in Storey Lake Resort,3 BDR,STOREY LAKE,STOREY LAKE 3 BDR,Jan,2808.0,2808.0,0.75,31,6000.0,1800.0,5412.0,23.25,120.7741935483871,90.58064516129032,6908.0,13212.0,20120.0,1131.3333333333333
802133,2457.0,02.Feb,3131 PD - Luxury 3-Bed Condo in Storey Lake Resort,3 BDR,STOREY LAKE,STOREY LAKE 3 BDR,Feb,2457.0,2457.0,0.75,28,6000.0,1800.0,5412.0,21.0,117.0,87.75,6908.0,13212.0,20120.0,780.3333333333333
802133,3472.0,03.Mar,3131 PD - Luxury 3-Bed Condo in Storey Lake Resort,3 BDR,STOREY LAKE,STOREY LAKE 3 BDR,Mar,3472.0,3472.0,0.8,31,6000.0,1800.0,5412.0,24.8,140.0,112.0,6908.0,13212.0,20120.0,1795.3333333333333
802133,3760.0,04.Apr,3131 PD - Luxury 3-Bed Condo in Storey Lake Resort,3 BDR,STOREY LAKE,STOREY LAKE 3 BDR,Apr,3760.0,3760.0,0.8,30,6000.0,1800.0,5412.0,24.0,156.66666666666666,125.33333333333333,6908.0,13212.0,20120.0,2083.333333333333
802133,2232.0,05.May,3131 PD - Luxury 3-Bed Condo in Storey Lake Resort,3 BDR,STOREY LAKE,STOREY LAKE 3 BDR,May,2232.0,2232.0,0.6,31,6000.0,1800.0,5412.0,18.599999999999998,120.00000000000001,72.0,6908.0,13212.0,20120.0,555.3333333333333
802133,3190.0,06.Jun,3131 PD - Luxury 3-Bed Condo in Storey Lake Resort,3 BDR,STOREY LAKE,STOREY LAKE 3 BDR,Jun,3190.0,3190.0,0.75,30,6000.0,1800.0,5412.0,22.5,141.77777777777777,106.33333333333333,6908.0,13212.0,20120.0,1513.3333333333333
802133,3196.0,07.Jul,3131 PD - Luxury 3-Bed Condo in Storey Lake Resort,3 BDR,STOREY LAKE,STOREY LAKE 3 BDR,Jul,3196.0,3196.0,0.8,31,6000.0,1800.0,5412.0,24.8,128.8709677419355,103.09677419354838,6908.0,13212.0,20120.0,1519.3333333333333
802133,2688.0,08.Aug,3131 PD - Luxury 3-Bed Condo in Storey Lake Resort,3 BDR,STOREY LAKE,STOREY LAKE 3 BDR,Aug,2688.0,2688.0,0.7,31,6000.0,1800.0,5412.0,21.7,123.87096774193549,86.70967741935483,6908.0,13212.0,20120.0,1011.3333333333333
802133,1800.0,09.Sep,3131 PD - Luxury 3-Bed Condo in Storey Lake Resort,3 BDR,STOREY LAKE,STOREY LAKE 3 BDR,Sep,1800.0,1800.0,0.6,30,6000.0,1800.0,5412.0,18.0,100.0,60.0,6908.0,13212.0,20120.0,123.33333333333326
802133,2604.0,10.Oct,3131 PD - Luxury 3-Bed Condo in Storey Lake Resort,3 BDR,STOREY LAKE,STOREY LAKE 3 BDR,Oct,2604.0,2604.0,0.7,31,6000.0,1800.0,5412.0,21.7,120.0,84.0,6908.0,13212.0,20120.0,927.3333333333333
802133,2621.0,11.Nov,3131 PD - Luxury 3-Bed Condo in Storey Lake Resort,3 BDR,STOREY LAKE,STOREY LAKE 3 BDR,Nov,2621.0,2621.0,0.7,30,6000.0,1800.0,5412.0,21.0,124.80952380952381,87.36666666666666,6908.0,13212.0,20120.0,944.3333333333333
802133,3712.0,12.Dec,3131 PD - Luxury 3-Bed Condo in Storey Lake Resort,3 BDR,STOREY LAKE,STOREY LAKE 3 BDR,Dec,3712.0,3712.0,0.7,31,6000.0,1800.0,5412.0,21.7,171.05990783410138,119.74193548387096,6908.0,13212.0,20120.0,2035.3333333333333
615785,2066.0,01.Jan,3132 CA - Charming Townhome Retreat,TH 4,REGAL PALMS,REGAL PALMS TH 4,Jan,2066.0,2066.0,0.75,31,0.0,0.0,0.0,23.25,88.86021505376344,66.64516129032258,5336.6,0.0,5336.6,1621.2833333333333
615785,1953.0,02.Feb,3132 CA - Charming Townhome Retreat,TH 4,REGAL PALMS,REGAL PALMS TH 4,Feb,1953.0,1953.0,0.75,28,0.0,0.0,0.0,21.0,93.0,69.75,5336.6,0.0,5336.6,1508.2833333333333
615785,2818.0,03.Mar,3132 CA - Charming Townhome Retreat,TH 4,REGAL PALMS,REGAL PALMS TH 4,Mar,2818.0,2818.0,0.8,31,0.0,0.0,0.0,24.8,113.62903225806451,90.90322580645162,5336.6,0.0,5336.6,2373.2833333333333
615785,2978.0,04.Apr,3132 CA - Charming Townhome Retreat,TH 4,REGAL PALMS,REGAL PALMS TH 4,Apr,2978.0,2978.0,0.8,30,0.0,0.0,0.0,24.0,124.08333333333333,99.26666666666667,5336.6,0.0,5336.6,2533.2833333333333
615785,1674.0,05.May,3132 CA - Charming Townhome Retreat,TH 4,REGAL PALMS,REGAL PALMS TH 4,May,1674.0,1674.0,0.6,31,0.0,0.0,0.0,18.599999999999998,90.00000000000001,54.0,5336.6,0.0,5336.6,1229.2833333333333
615785,2562.0,06.Jun,3132 CA - Charming Townhome Retreat,TH 4,REGAL PALMS,REGAL PALMS TH 4,Jun,2562.0,2562.0,0.75,30,0.0,0.0,0.0,22.5,113.86666666666666,85.4,5336.6,0.0,5336.6,2117.2833333333333
615785,2570.0,07.Jul,3132 CA - Charming Townhome Retreat,TH 4,REGAL PALMS,REGAL PALMS TH 4,Jul,2570.0,2570.0,0.8,31,0.0,0.0,0.0,24.8,103.62903225806451,82.90322580645162,5336.6,0.0,5336.6,2125.2833333333333
615785,2134.0,08.Aug,3132 CA - Charming Townhome Retreat,TH 4,REGAL PALMS,REGAL PALMS TH 4,Aug,2134.0,2134.0,0.7,31,0.0,0.0,0.0,21.7,98.3410138248848,68.83870967741936,5336.6,0.0,5336.6,1689.2833333333333
615785,1275.0,09.Sep,3132 CA - Charming Townhome Retreat,TH 4,REGAL PALMS,REGAL PALMS TH 4,Sep,1275.0,1275.0,0.6,30,0.0,0.0,0.0,18.0,70.83333333333333,42.5,5336.6,0.0,5336.6,830.2833333333333
615785,1860.0,10.Oct,3132 CA - Charming Townhome Retreat,TH 4,REGAL PALMS,REGAL PALMS TH 4,Oct,1860.0,1860.0,0.7,31,0.0,0.0,0.0,21.7,85.71428571428572,60.0,5336.6,0.0,5336.6,1415.2833333333333
615785,2085.0,11.Nov,3132 CA - Charming Townhome Retreat,TH 4,REGAL PALMS,REGAL PALMS TH 4,Nov,2085.0,2085.0,0.7,30,0.0,0.0,0.0,21.0,99.28571428571429,69.5,5336.6,0.0,5336.6,1640.2833333333333
615785,2708.0,12.Dec,3132 CA - Charming Townhome Retreat,TH 4,REGAL PALMS,REGAL PALMS TH 4,Dec,2708.0,2708.0,0.7,31,0.0,0.0,0.0,21.7,124.7926267281106,87.35483870967742,5336.6,0.0,5336.6,2263.2833333333333
940356,0.0,01.Jan,3157 YL - Encantada Serenity Retreat: Elegant Villa Close to Dis,TH 3,ENCANTADA,ENCANTADA TH 3,Jan,0.0,0.0,0.75,31,0.0,0.0,0.0,23.25,0.0,0.0,5961.400000000001,0.0,5961.400000000001,-496.78333333333336
940356,1634.0,02.Feb,3157 YL - Encantada Serenity Retreat: Elegant Villa Close to Dis,TH 3,ENCANTADA,ENCANTADA TH 3,Feb,1634.0,1634.0,0.75,28,0.0,0.0,0.0,21.0,77.80952380952381,58.357142857142854,5961.400000000001,0.0,5961.400000000001,1137.2166666666667
940356,2898.0,03.Mar,3157 YL - Encantada Serenity Retreat: Elegant Villa Close to Dis,TH 3,ENCANTADA,ENCANTADA TH 3,Mar,2898.0,2898.0,0.8,31,0.0,0.0,0.0,24.8,116.85483870967741,93.48387096774194,5961.400000000001,0.0,5961.400000000001,2401.2166666666667
940356,3984.0,04.Apr,3157 YL - Encantada Serenity Retreat: Elegant Villa Close to Dis,TH 3,ENCANTADA,ENCANTADA TH 3,Apr,3984.0,3984.0,0.8,30,0.0,0.0,0.0,24.0,166.0,132.8,5961.400000000001,0.0,5961.400000000001,3487.2166666666667
940356,1804.0,05.May,3157 YL - Encantada Serenity Retreat: Elegant Villa Close to Dis,TH 3,ENCANTADA,ENCANTADA TH 3,May,1804.0,1804.0,0.6,31,0.0,0.0,0.0,18.599999999999998,96.98924731182797,58.193548387096776,5961.400000000001,0.0,5961.400000000001,1307.2166666666667
940356,3204.0,06.Jun,3157 YL - Encantada Serenity Retreat: Elegant Villa Close to Dis,TH 3,ENCANTADA,ENCANTADA TH 3,Jun,3204.0,3204.0,0.75,30,0.0,0.0,0.0,22.5,142.4,106.8,5961.400000000001,0.0,5961.400000000001,2707.2166666666667
940356,3502.0,07.Jul,3157 YL - Encantada Serenity Retreat: Elegant Villa Close to Dis,TH 3,ENCANTADA,ENCANTADA TH 3,Jul,3502.0,3502.0,0.8,31,0.0,0.0,0.0,24.8,141.20967741935485,112.96774193548387,5961.400000000001,0.0,5961.400000000001,3005.2166666666667
940356,2789.0,08.Aug,3157 YL - Encantada Serenity Retreat: Elegant Villa Close to Dis,TH 3,ENCANTADA,ENCANTADA TH 3,Aug,2789.0,2789.0,0.7,31,0.0,0.0,0.0,21.7,128.52534562211983,89.96774193548387,5961.400000000001,0.0,5961.400000000001,2292.2166666666667
940356,1455.0,09.Sep,3157 YL - Encantada Serenity Retreat: Elegant Villa Close to Dis,TH 3,ENCANTADA,ENCANTADA TH 3,Sep,1455.0,1455.0,0.6,30,0.0,0.0,0.0,18.0,80.83333333333333,48.5,5961.400000000001,0.0,5961.400000000001,958.2166666666667
940356,2251.0,10.Oct,3157 YL - Encantada Serenity Retreat: Elegant Villa Close to Dis,TH 3,ENCANTADA,ENCANTADA TH 3,Oct,2251.0,2251.0,0.7,31,0.0,0.0,0.0,21.7,103.73271889400922,72.61290322580645,5961.400000000001,0.0,5961.400000000001,1754.2166666666667
940356,2517.0,11.Nov,3157 YL - Encantada Serenity Retreat: Elegant Villa Close to Dis,TH 3,ENCANTADA,ENCANTADA TH 3,Nov,2517.0,2517.0,0.7,30,0.0,0.0,0.0,21.0,119.85714285714286,83.9,5961.400000000001,0.0,5961.400000000001,2020.2166666666667
940356,3769.0,12.Dec,3157 YL - Encantada Serenity Retreat: Elegant Villa Close to Dis,TH 3,ENCANTADA,ENCANTADA TH 3,Dec,3769.0,3769.0,0.7,31,0.0,0.0,0.0,21.7,173.68663594470047,121.58064516129032,5961.400000000001,0.0,5961.400000000001,3272.2166666666667
765753,2582.0,01.Jan,"3236 TT Hub Townhome: 3BR, 3BA, Sleeps 8",3 BDR,THE HUB,THE HUB 3 BDR,Jan,2582.0,2582.0,0.75,31,2400.0,1800.0,3852.0,23.25,111.05376344086021,83.29032258064517,6399.200000000001,8052.0,14451.2,1377.7333333333333
765753,2264.0,02.Feb,"3236 TT Hub Townhome: 3BR, 3BA, Sleeps 8",3 BDR,THE HUB,THE HUB 3 BDR,Feb,2264.0,2264.0,0.75,28,2400.0,1800.0,3852.0,21.0,107.80952380952381,80.85714285714286,6399.200000000001,8052.0,14451.2,1059.7333333333333
765753,3246.0,03.Mar,"3236 TT Hub Townhome: 3BR, 3BA, Sleeps 8",3 BDR,THE HUB,THE HUB 3 BDR,Mar,3246.0,3246.0,0.8,31,2400.0,1800.0,3852.0,24.8,130.88709677419354,104.70967741935483,6399.200000000001,8052.0,14451.2,2041.7333333333333
765753,3478.0,04.Apr,"3236 TT Hub Townhome: 3BR, 3BA, Sleeps 8",3 BDR,THE HUB,THE HUB 3 BDR,Apr,3478.0,3478.0,0.8,30,2400.0,1800.0,3852.0,24.0,144.91666666666666,115.93333333333334,6399.200000000001,8052.0,14451.2,2273.7333333333336
765753,2046.0,05.May,"3236 TT Hub Townhome: 3BR, 3BA, Sleeps 8",3 BDR,THE HUB,THE HUB 3 BDR,May,2046.0,2046.0,0.6,31,2400.0,1800.0,3852.0,18.599999999999998,110.00000000000001,66.0,6399.200000000001,8052.0,14451.2,841.7333333333333
765753,2973.0,06.Jun,"3236 TT Hub Townhome: 3BR, 3BA, Sleeps 8",3 BDR,THE HUB,THE HUB 3 BDR,Jun,2973.0,2973.0,0.75,30,2400.0,1800.0,3852.0,22.5,132.13333333333333,99.1,6399.200000000001,8052.0,14451.2,1768.7333333333333
765753,2988.0,07.Jul,"3236 TT Hub Townhome: 3BR, 3BA, Sleeps 8",3 BDR,THE HUB,THE HUB 3 BDR,Jul,2988.0,2988.0,0.8,31,2400.0,1800.0,3852.0,24.8,120.48387096774194,96.38709677419355,6399.200000000001,8052.0,14451.2,1783.7333333333333
765753,2510.0,08.Aug,"3236 TT Hub Townhome: 3BR, 3BA, Sleeps 8",3 BDR,THE HUB,THE HUB 3 BDR,Aug,2510.0,2510.0,0.7,31,2400.0,1800.0,3852.0,21.7,115.66820276497697,80.96774193548387,6399.200000000001,8052.0,14451.2,1305.7333333333333
765753,1650.0,09.Sep,"3236 TT Hub Townhome: 3BR, 3BA, Sleeps 8",3 BDR,THE HUB,THE HUB 3 BDR,Sep,1650.0,1650.0,0.6,30,2400.0,1800.0,3852.0,18.0,91.66666666666667,55.0,6399.200000000001,8052.0,14451.2,445.73333333333335
765753,2418.0,10.Oct,"3236 TT Hub Townhome: 3BR, 3BA, Sleeps 8",3 BDR,THE HUB,THE HUB 3 BDR,Oct,2418.0,2418.0,0.7,31,2400.0,1800.0,3852.0,21.7,111.42857142857143,78.0,6399.200000000001,8052.0,14451.2,1213.7333333333333
765753,2413.0,11.Nov,"3236 TT Hub Townhome: 3BR, 3BA, Sleeps 8",3 BDR,THE HUB,THE HUB 3 BDR,Nov,2413.0,2413.0,0.7,30,2400.0,1800.0,3852.0,21.0,114.9047619047619,80.43333333333334,6399.200000000001,8052.0,14451.2,1208.7333333333333
765753,3428.0,12.Dec,"3236 TT Hub Townhome: 3BR, 3BA, Sleeps 8",3 BDR,THE HUB,THE HUB 3 BDR,Dec,3428.0,3428.0,0.7,31,2400.0,1800.0,3852.0,21.7,157.97235023041475,110.58064516129032,6399.200000000001,8052.0,14451.2,2223.7333333333336
523253,4082.0,01.Jan,3425 LW -Exquisite 5BR Villa Private Pool & Spa,SF 5,WINDSOR ISLAND,WINDSOR ISLAND SF 5,Jan,4082.0,4082.0,0.75,31,6000.0,1800.0,7380.0,23.25,175.56989247311827,131.67741935483872,9625.6,15180.0,24805.6,2014.8666666666668
523253,3420.0,02.Feb,3425 LW -Exquisite 5BR Villa Private Pool & Spa,SF 5,WINDSOR ISLAND,WINDSOR ISLAND SF 5,Feb,3420.0,3420.0,0.75,28,6000.0,1800.0,7380.0,21.0,162.85714285714286,122.14285714285714,9625.6,15180.0,24805.6,1352.8666666666668
523253,4644.0,03.Mar,3425 LW -Exquisite 5BR Villa Private Pool & Spa,SF 5,WINDSOR ISLAND,WINDSOR ISLAND SF 5,Mar,4644.0,4644.0,0.8,31,6000.0,1800.0,7380.0,24.8,187.25806451612902,149.80645161290323,9625.6,15180.0,24805.6,2576.866666666667
523253,5682.0,04.Apr,3425 LW -Exquisite 5BR Villa Private Pool & Spa,SF 5,WINDSOR ISLAND,WINDSOR ISLAND SF 5,Apr,5682.0,5682.0,0.8,30,6000.0,1800.0,7380.0,24.0,236.75,189.4,9625.6,15180.0,24805.6,3614.866666666667
523253,3162.0,05.May,3425 LW -Exquisite 5BR Villa Private Pool & Spa,SF 5,WINDSOR ISLAND,WINDSOR ISLAND SF 5,May,3162.0,3162.0,0.6,31,6000.0,1800.0,7380.0,18.599999999999998,170.00000000000003,102.0,9625.6,15180.0,24805.6,1094.8666666666668
523253,4275.0,06.Jun,3425 LW -Exquisite 5BR Villa Private Pool & Spa,SF 5,WINDSOR ISLAND,WINDSOR ISLAND SF 5,Jun,4275.0,4275.0,0.75,30,6000.0,1800.0,7380.0,22.5,190.0,142.5,9625.6,15180.0,24805.6,2207.866666666667
523253,4378.0,07.Jul,3425 LW -Exquisite 5BR Villa Private Pool & Spa,SF 5,WINDSOR ISLAND,WINDSOR ISLAND SF 5,Jul,4378.0,4378.0,0.8,31,6000.0,1800.0,7380.0,24.8,176.53225806451613,141.2258064516129,9625.6,15180.0,24805.6,2310.866666666667
523253,3438.0,08.Aug,3425 LW -Exquisite 5BR Villa Private Pool & Spa,SF 5,WINDSOR ISLAND,WINDSOR ISLAND SF 5,Aug,3438.0,3438.0,0.7,31,6000.0,1800.0,7380.0,21.7,158.43317972350232,110.90322580645162,9625.6,15180.0,24805.6,1370.8666666666668
523253,2025.0,09.Sep,3425 LW -Exquisite 5BR Villa Private Pool & Spa,SF 5,WINDSOR ISLAND,WINDSOR ISLAND SF 5,Sep,2025.0,2025.0,0.6,30,6000.0,1800.0,7380.0,18.0,112.5,67.5,9625.6,15180.0,24805.6,-42.13333333333321
523253,3534.0,10.Oct,3425 LW -Exquisite 5BR Villa Private Pool & Spa,SF 5,WINDSOR ISLAND,WINDSOR ISLAND SF 5,Oct,3534.0,3534.0,0.7,31,6000.0,1800.0,7380.0,21.7,162.85714285714286,114.0,9625.6,15180.0,24805.6,1466.8666666666668
523253,3912.0,11.Nov,3425 LW -Exquisite 5BR Villa Private Pool & Spa,SF 5,WINDSOR ISLAND,WINDSOR ISLAND SF 5,Nov,3912.0,3912.0,0.7,30,6000.0,1800.0,7380.0,21.0,186.28571428571428,130.4,9625.6,15180.0,24805.6,1844.8666666666668
523253,5576.0,12.Dec,3425 LW -Exquisite 5BR Villa Private Pool & Spa,SF 5,WINDSOR ISLAND,WINDSOR ISLAND SF 5,Dec,5576.0,5576.0,0.7,31,6000.0,1800.0,7380.0,21.7,256.95852534562215,179.8709677419355,9625.6,15180.0,24805.6,3508.866666666667
938222,0.0,01.Jan,421 NP - Exquisite Retreat at Encore Resort,SF 5,ENCORE CLUB,ENCORE CLUB SF 5,Jan,0.0,0.0,0.75,31,2400.0,1800.0,3852.0,23.25,0.0,0.0,10373.800000000001,8052.0,18425.800000000003,-1535.4833333333336
938222,2866.0,02.Feb,421 NP - Exquisite Retreat at Encore Resort,SF 5,ENCORE CLUB,ENCORE CLUB SF 5,Feb,2866.0,2866.0,0.75,28,2400.0,1800.0,3852.0,21.0,136.47619047619048,102.35714285714286,10373.800000000001,8052.0,18425.800000000003,1330.5166666666664
938222,6507.0,03.Mar,421 NP - Exquisite Retreat at Encore Resort,SF 5,ENCORE CLUB,ENCORE CLUB SF 5,Mar,6507.0,6507.0,0.8,31,2400.0,1800.0,3852.0,24.8,262.3790322580645,209.90322580645162,10373.800000000001,8052.0,18425.800000000003,4971.516666666666
938222,6234.0,04.Apr,421 NP - Exquisite Retreat at Encore Resort,SF 5,ENCORE CLUB,ENCORE CLUB SF 5,Apr,6234.0,6234.0,0.8,30,2400.0,1800.0,3852.0,24.0,259.75,207.8,10373.800000000001,8052.0,18425.800000000003,4698.516666666666
938222,3311.0,05.May,421 NP - Exquisite Retreat at Encore Resort,SF 5,ENCORE CLUB,ENCORE CLUB SF 5,May,3311.0,3311.0,0.6,31,2400.0,1800.0,3852.0,18.599999999999998,178.01075268817206,106.80645161290323,10373.800000000001,8052.0,18425.800000000003,1775.5166666666664
938222,5745.0,06.Jun,421 NP - Exquisite Retreat at Encore Resort,SF 5,ENCORE CLUB,ENCORE CLUB SF 5,Jun,5745.0,5745.0,0.75,30,2400.0,1800.0,3852.0,22.5,255.33333333333334,191.5,10373.800000000001,8052.0,18425.800000000003,4209.516666666666
938222,6053.0,07.Jul,421 NP - Exquisite Retreat at Encore Resort,SF 5,ENCORE CLUB,ENCORE CLUB SF 5,Jul,6053.0,6053.0,0.8,31,2400.0,1800.0,3852.0,24.8,244.07258064516128,195.25806451612902,10373.800000000001,8052.0,18425.800000000003,4517.516666666666
938222,5045.0,08.Aug,421 NP - Exquisite Retreat at Encore Resort,SF 5,ENCORE CLUB,ENCORE CLUB SF 5,Aug,5045.0,5045.0,0.7,31,2400.0,1800.0,3852.0,21.7,232.48847926267283,162.74193548387098,10373.800000000001,8052.0,18425.800000000003,3509.5166666666664
938222,2670.0,09.Sep,421 NP - Exquisite Retreat at Encore Resort,SF 5,ENCORE CLUB,ENCORE CLUB SF 5,Sep,2670.0,2670.0,0.6,30,2400.0,1800.0,3852.0,18.0,148.33333333333334,89.0,10373.800000000001,8052.0,18425.800000000003,1134.5166666666664
938222,3497.0,10.Oct,421 NP - Exquisite Retreat at Encore Resort,SF 5,ENCORE CLUB,ENCORE CLUB SF 5,Oct,3497.0,3497.0,0.7,31,2400.0,1800.0,3852.0,21.7,161.1520737327189,112.80645161290323,10373.800000000001,8052.0,18425.800000000003,1961.5166666666664
938222,4098.0,11.Nov,421 NP - Exquisite Retreat at Encore Resort,SF 5,ENCORE CLUB,ENCORE CLUB SF 5,Nov,4098.0,4098.0,0.7,30,2400.0,1800.0,3852.0,21.0,195.14285714285714,136.6,10373.800000000001,8052.0,18425.800000000003,2562.5166666666664
938222,5843.0,12.Dec,421 NP - Exquisite Retreat at Encore Resort,SF 5,ENCORE CLUB,ENCORE CLUB SF 5,Dec,5843.0,5843.0,0.7,31,2400.0,1800.0,3852.0,21.7,269.26267281105993,188.48387096774192,10373.800000000001,8052.0,18425.800000000003,4307.516666666666
769992,5324.0,01.Jan,4446 KR - 7BR Luxury Villa Opulent Oasis,SF 7,WINDSOR ISLAND,WINDSOR ISLAND SF 7,Jan,5324.0,5324.0,0.75,31,6000.0,1800.0,9588.0,23.25,228.98924731182797,171.74193548387098,13381.2,17388.0,30769.2,2759.9
769992,4676.0,02.Feb,4446 KR - 7BR Luxury Villa Opulent Oasis,SF 7,WINDSOR ISLAND,WINDSOR ISLAND SF 7,Feb,4676.0,4676.0,0.75,28,6000.0,1800.0,9588.0,21.0,222.66666666666666,167.0,13381.2,17388.0,30769.2,2111.9
769992,7078.0,03.Mar,4446 KR - 7BR Luxury Villa Opulent Oasis,SF 7,WINDSOR ISLAND,WINDSOR ISLAND SF 7,Mar,7078.0,7078.0,0.8,31,6000.0,1800.0,9588.0,24.8,285.4032258064516,228.32258064516128,13381.2,17388.0,30769.2,4513.9
769992,7430.0,04.Apr,4446 KR - 7BR Luxury Villa Opulent Oasis,SF 7,WINDSOR ISLAND,WINDSOR ISLAND SF 7,Apr,7430.0,7430.0,0.8,30,6000.0,1800.0,9588.0,24.0,309.5833333333333,247.66666666666666,13381.2,17388.0,30769.2,4865.9
769992,4092.0,05.May,4446 KR - 7BR Luxury Villa Opulent Oasis,SF 7,WINDSOR ISLAND,WINDSOR ISLAND SF 7,May,4092.0,4092.0,0.6,31,6000.0,1800.0,9588.0,18.599999999999998,220.00000000000003,132.0,13381.2,17388.0,30769.2,1527.9
769992,6397.0,06.Jun,4446 KR - 7BR Luxury Villa Opulent Oasis,SF 7,WINDSOR ISLAND,WINDSOR ISLAND SF 7,Jun,6397.0,6397.0,0.75,30,6000.0,1800.0,9588.0,22.5,284.31111111111113,213.23333333333332,13381.2,17388.0,30769.2,3832.9
769992,6548.0,07.Jul,4446 KR - 7BR Luxury Villa Opulent Oasis,SF 7,WINDSOR ISLAND,WINDSOR ISLAND SF 7,Jul,6548.0,6548.0,0.8,31,6000.0,1800.0,9588.0,24.8,264.0322580645161,211.2258064516129,13381.2,17388.0,30769.2,3983.9
769992,5354.0,08.Aug,4446 KR - 7BR Luxury Villa Opulent Oasis,SF 7,WINDSOR ISLAND,WINDSOR ISLAND SF 7,Aug,5354.0,5354.0,0.7,31,6000.0,1800.0,9588.0,21.7,246.72811059907835,172.70967741935485,13381.2,17388.0,30769.2,2789.9
769992,3000.0,09.Sep,4446 KR - 7BR Luxury Villa Opulent Oasis,SF 7,WINDSOR ISLAND,WINDSOR ISLAND SF 7,Sep,3000.0,3000.0,0.6,30,6000.0,1800.0,9588.0,18.0,166.66666666666666,100.0,13381.2,17388.0,30769.2,435.9000000000001
769992,4650.0,10.Oct,4446 KR - 7BR Luxury Villa Opulent Oasis,SF 7,WINDSOR ISLAND,WINDSOR ISLAND SF 7,Oct,4650.0,4650.0,0.7,31,6000.0,1800.0,9588.0,21.7,214.2857142857143,150.0,13381.2,17388.0,30769.2,2085.9
769992,5015.0,11.Nov,4446 KR - 7BR Luxury Villa Opulent Oasis,SF 7,WINDSOR ISLAND,WINDSOR ISLAND SF 7,Nov,5015.0,5015.0,0.7,30,6000.0,1800.0,9588.0,21.0,238.8095238095238,167.16666666666666,13381.2,17388.0,30769.2,2450.9
769992,7342.0,12.Dec,4446 KR - 7BR Luxury Villa Opulent Oasis,SF 7,WINDSOR ISLAND,WINDSOR ISLAND SF 7,Dec,7342.0,7342.0,0.7,31,6000.0,1800.0,9588.0,21.7,338.3410138248848,236.83870967741936,13381.2,17388.0,30769.2,4777.9
781265,2582.0,01.Jan,4562 YR - Amazing 4 Bed Private Getaway,TH 4,THE VILLAS AT SEVEN DWARFS,THE VILLAS AT SEVEN DWARFS TH 4,Jan,2582.0,2582.0,0.75,31,6000.0,1800.0,6576.0,23.25,111.05376344086021,83.29032258064517,6575.0,14376.0,20951.0,836.0833333333333
781265,2264.0,02.Feb,4562 YR - Amazing 4 Bed Private Getaway,TH 4,THE VILLAS AT SEVEN DWARFS,THE VILLAS AT SEVEN DWARFS TH 4,Feb,2264.0,2264.0,0.75,28,6000.0,1800.0,6576.0,21.0,107.80952380952381,80.85714285714286,6575.0,14376.0,20951.0,518.0833333333333
781265,3606.0,03.Mar,4562 YR - Amazing 4 Bed Private Getaway,TH 4,THE VILLAS AT SEVEN DWARFS,THE VILLAS AT SEVEN DWARFS TH 4,Mar,3606.0,3606.0,0.8,31,6000.0,1800.0,6576.0,24.8,145.40322580645162,116.3225806451613,6575.0,14376.0,20951.0,1860.0833333333333
781265,3474.0,04.Apr,4562 YR - Amazing 4 Bed Private Getaway,TH 4,THE VILLAS AT SEVEN DWARFS,THE VILLAS AT SEVEN DWARFS TH 4,Apr,3474.0,3474.0,0.8,30,6000.0,1800.0,6576.0,24.0,144.75,115.8,6575.0,14376.0,20951.0,1728.0833333333333
781265,2046.0,05.May,4562 YR - Amazing 4 Bed Private Getaway,TH 4,THE VILLAS AT SEVEN DWARFS,THE VILLAS AT SEVEN DWARFS TH 4,May,2046.0,2046.0,0.6,31,6000.0,1800.0,6576.0,18.599999999999998,110.00000000000001,66.0,6575.0,14376.0,20951.0,300.08333333333326
781265,3243.0,06.Jun,4562 YR - Amazing 4 Bed Private Getaway,TH 4,THE VILLAS AT SEVEN DWARFS,THE VILLAS AT SEVEN DWARFS TH 4,Jun,3243.0,3243.0,0.75,30,6000.0,1800.0,6576.0,22.5,144.13333333333333,108.1,6575.0,14376.0,20951.0,1497.0833333333333
781265,3282.0,07.Jul,4562 YR - Amazing 4 Bed Private Getaway,TH 4,THE VILLAS AT SEVEN DWARFS,THE VILLAS AT SEVEN DWARFS TH 4,Jul,3282.0,3282.0,0.8,31,6000.0,1800.0,6576.0,24.8,132.33870967741936,105.87096774193549,6575.0,14376.0,20951.0,1536.0833333333333
781265,2726.0,08.Aug,4562 YR - Amazing 4 Bed Private Getaway,TH 4,THE VILLAS AT SEVEN DWARFS,THE VILLAS AT SEVEN DWARFS TH 4,Aug,2726.0,2726.0,0.7,31,6000.0,1800.0,6576.0,21.7,125.62211981566821,87.93548387096774,6575.0,14376.0,20951.0,980.0833333333333
781265,1425.0,09.Sep,4562 YR - Amazing 4 Bed Private Getaway,TH 4,THE VILLAS AT SEVEN DWARFS,THE VILLAS AT SEVEN DWARFS TH 4,Sep,1425.0,1425.0,0.6,30,6000.0,1800.0,6576.0,18.0,79.16666666666667,47.5,6575.0,14376.0,20951.0,-320.91666666666674
781265,2418.0,10.Oct,4562 YR - Amazing 4 Bed Private Getaway,TH 4,THE VILLAS AT SEVEN DWARFS,THE VILLAS AT SEVEN DWARFS TH 4,Oct,2418.0,2418.0,0.7,31,6000.0,1800.0,6576.0,21.7,111.42857142857143,78.0,6575.0,14376.0,20951.0,672.0833333333333
781265,2381.0,11.Nov,4562 YR - Amazing 4 Bed Private Getaway,TH 4,THE VILLAS AT SEVEN DWARFS,THE VILLAS AT SEVEN DWARFS TH 4,Nov,2381.0,2381.0,0.7,30,6000.0,1800.0,6576.0,21.0,113.38095238095238,79.36666666666666,6575.0,14376.0,20951.0,635.0833333333333
781265,3428.0,12.Dec,4562 YR - Amazing 4 Bed Private Getaway,TH 4,THE VILLAS AT SEVEN DWARFS,THE VILLAS AT SEVEN DWARFS TH 4,Dec,3428.0,3428.0,0.7,31,6000.0,1800.0,6576.0,21.7,157.97235023041475,110.58064516129032,6575.0,14376.0,20951.0,1682.0833333333333
598096,3111.0,01.Jan,4606 TD - 5BR Townhome Marvel: Private Pool,TH 5,SOLTERRA,SOLTERRA TH 5,Jan,3111.0,3111.0,0.75,31,6000.0,1800.0,6096.0,23.25,133.80645161290323,100.35483870967742,7424.0,13896.0,21320.0,1334.3333333333333
598096,2502.0,02.Feb,4606 TD - 5BR Townhome Marvel: Private Pool,TH 5,SOLTERRA,SOLTERRA TH 5,Feb,2502.0,2502.0,0.75,28,6000.0,1800.0,6096.0,21.0,119.14285714285714,89.35714285714286,7424.0,13896.0,21320.0,725.3333333333333
598096,3692.0,03.Mar,4606 TD - 5BR Townhome Marvel: Private Pool,TH 5,SOLTERRA,SOLTERRA TH 5,Mar,3692.0,3692.0,0.8,31,6000.0,1800.0,6096.0,24.8,148.8709677419355,119.09677419354838,7424.0,13896.0,21320.0,1915.3333333333333
598096,4109.0,04.Apr,4606 TD - 5BR Townhome Marvel: Private Pool,TH 5,SOLTERRA,SOLTERRA TH 5,Apr,4109.0,4109.0,0.8,30,6000.0,1800.0,6096.0,24.0,171.20833333333334,136.96666666666667,7424.0,13896.0,21320.0,2332.333333333333
598096,2418.0,05.May,4606 TD - 5BR Townhome Marvel: Private Pool,TH 5,SOLTERRA,SOLTERRA TH 5,May,2418.0,2418.0,0.6,31,6000.0,1800.0,6096.0,18.599999999999998,130.00000000000003,78.0,7424.0,13896.0,21320.0,641.3333333333333
598096,3316.0,06.Jun,4606 TD - 5BR Townhome Marvel: Private Pool,TH 5,SOLTERRA,SOLTERRA TH 5,Jun,3316.0,3316.0,0.75,30,6000.0,1800.0,6096.0,22.5,147.37777777777777,110.53333333333333,7424.0,13896.0,21320.0,1539.3333333333333
598096,3344.0,07.Jul,4606 TD - 5BR Townhome Marvel: Private Pool,TH 5,SOLTERRA,SOLTERRA TH 5,Jul,3344.0,3344.0,0.8,31,6000.0,1800.0,6096.0,24.8,134.83870967741936,107.87096774193549,7424.0,13896.0,21320.0,1567.3333333333333
598096,2757.0,08.Aug,4606 TD - 5BR Townhome Marvel: Private Pool,TH 5,SOLTERRA,SOLTERRA TH 5,Aug,2757.0,2757.0,0.7,31,6000.0,1800.0,6096.0,21.7,127.05069124423963,88.93548387096774,7424.0,13896.0,21320.0,980.3333333333333
598096,1800.0,09.Sep,4606 TD - 5BR Townhome Marvel: Private Pool,TH 5,SOLTERRA,SOLTERRA TH 5,Sep,1800.0,1800.0,0.6,30,6000.0,1800.0,6096.0,18.0,100.0,60.0,7424.0,13896.0,21320.0,23.333333333333258
598096,2604.0,10.Oct,4606 TD - 5BR Townhome Marvel: Private Pool,TH 5,SOLTERRA,SOLTERRA TH 5,Oct,2604.0,2604.0,0.7,31,6000.0,1800.0,6096.0,21.7,120.0,84.0,7424.0,13896.0,21320.0,827.3333333333333
598096,2917.0,11.Nov,4606 TD - 5BR Townhome Marvel: Private Pool,TH 5,SOLTERRA,SOLTERRA TH 5,Nov,2917.0,2917.0,0.7,30,6000.0,1800.0,6096.0,21.0,138.9047619047619,97.23333333333333,7424.0,13896.0,21320.0,1140.3333333333333
598096,4550.0,12.Dec,4606 TD - 5BR Townhome Marvel: Private Pool,TH 5,SOLTERRA,SOLTERRA TH 5,Dec,4550.0,4550.0,0.7,31,6000.0,1800.0,6096.0,21.7,209.67741935483872,146.7741935483871,7424.0,13896.0,21320.0,2773.333333333333
405133,3484.0,01.Jan,4810 LL - 5BD Private Pool Townhome - Storey Lake,TH 5,STOREY LAKE,STOREY LAKE TH 5,Jan,3484.0,3484.0,0.75,31,6000.0,1800.0,7260.0,23.25,149.8494623655914,112.38709677419355,8583.4,15060.0,23643.4,1513.7166666666665
405133,2989.0,02.Feb,4810 LL - 5BD Private Pool Townhome - Storey Lake,TH 5,STOREY LAKE,STOREY LAKE TH 5,Feb,2989.0,2989.0,0.75,28,6000.0,1800.0,7260.0,21.0,142.33333333333334,106.75,8583.4,15060.0,23643.4,1018.7166666666665
405133,4462.0,03.Mar,4810 LL - 5BD Private Pool Townhome - Storey Lake,TH 5,STOREY LAKE,STOREY LAKE TH 5,Mar,4462.0,4462.0,0.8,31,6000.0,1800.0,7260.0,24.8,179.91935483870967,143.93548387096774,8583.4,15060.0,23643.4,2491.7166666666662
405133,4542.0,04.Apr,4810 LL - 5BD Private Pool Townhome - Storey Lake,TH 5,STOREY LAKE,STOREY LAKE TH 5,Apr,4542.0,4542.0,0.8,30,6000.0,1800.0,7260.0,24.0,189.25,151.4,8583.4,15060.0,23643.4,2571.7166666666662
405133,2604.0,05.May,4810 LL - 5BD Private Pool Townhome - Storey Lake,TH 5,STOREY LAKE,STOREY LAKE TH 5,May,2604.0,2604.0,0.6,31,6000.0,1800.0,7260.0,18.599999999999998,140.00000000000003,84.0,8583.4,15060.0,23643.4,633.7166666666665
405133,4121.0,06.Jun,4810 LL - 5BD Private Pool Townhome - Storey Lake,TH 5,STOREY LAKE,STOREY LAKE TH 5,Jun,4121.0,4121.0,0.75,30,6000.0,1800.0,7260.0,22.5,183.15555555555557,137.36666666666667,8583.4,15060.0,23643.4,2150.7166666666662
405133,4116.0,07.Jul,4810 LL - 5BD Private Pool Townhome - Storey Lake,TH 5,STOREY LAKE,STOREY LAKE TH 5,Jul,4116.0,4116.0,0.8,31,6000.0,1800.0,7260.0,24.8,165.96774193548387,132.7741935483871,8583.4,15060.0,23643.4,2145.7166666666662
405133,3458.0,08.Aug,4810 LL - 5BD Private Pool Townhome - Storey Lake,TH 5,STOREY LAKE,STOREY LAKE TH 5,Aug,3458.0,3458.0,0.7,31,6000.0,1800.0,7260.0,21.7,159.35483870967744,111.54838709677419,8583.4,15060.0,23643.4,1487.7166666666665
405133,2100.0,09.Sep,4810 LL - 5BD Private Pool Townhome - Storey Lake,TH 5,STOREY LAKE,STOREY LAKE TH 5,Sep,2100.0,2100.0,0.6,30,6000.0,1800.0,7260.0,18.0,116.66666666666667,70.0,8583.4,15060.0,23643.4,129.71666666666647
405133,2976.0,10.Oct,4810 LL - 5BD Private Pool Townhome - Storey Lake,TH 5,STOREY LAKE,STOREY LAKE TH 5,Oct,2976.0,2976.0,0.7,31,6000.0,1800.0,7260.0,21.7,137.14285714285714,96.0,8583.4,15060.0,23643.4,1005.7166666666665
405133,3100.0,11.Nov,4810 LL - 5BD Private Pool Townhome - Storey Lake,TH 5,STOREY LAKE,STOREY LAKE TH 5,Nov,3100.0,3100.0,0.7,30,6000.0,1800.0,7260.0,21.0,147.61904761904762,103.33333333333333,8583.4,15060.0,23643.4,1129.7166666666665
405133,4965.0,12.Dec,4810 LL - 5BD Private Pool Townhome - Storey Lake,TH 5,STOREY LAKE,STOREY LAKE TH 5,Dec,4965.0,4965.0,0.7,31,6000.0,1800.0,7260.0,21.7,228.80184331797236,160.16129032258064,8583.4,15060.0,23643.4,2994.7166666666662
598346,3904.0,01.Jan,5291 WW - 6BR Villa Oasis Private Pool & Spa,SF 6,SOLTERRA,SOLTERRA SF 6,Jan,3904.0,3904.0,0.75,31,0.0,0.0,0.0,23.25,167.91397849462365,125.93548387096774,10208.6,0.0,10208.6,3053.2833333333333
598346,3530.0,02.Feb,5291 WW - 6BR Villa Oasis Private Pool & Spa,SF 6,SOLTERRA,SOLTERRA SF 6,Feb,3530.0,3530.0,0.75,28,0.0,0.0,0.0,21.0,168.0952380952381,126.07142857142857,10208.6,0.0,10208.6,2679.2833333333333
598346,5472.0,03.Mar,5291 WW - 6BR Villa Oasis Private Pool & Spa,SF 6,SOLTERRA,SOLTERRA SF 6,Mar,5472.0,5472.0,0.8,31,0.0,0.0,0.0,24.8,220.64516129032256,176.51612903225808,10208.6,0.0,10208.6,4621.283333333333
598346,6131.0,04.Apr,5291 WW - 6BR Villa Oasis Private Pool & Spa,SF 6,SOLTERRA,SOLTERRA SF 6,Apr,6131.0,6131.0,0.8,30,0.0,0.0,0.0,24.0,255.45833333333334,204.36666666666667,10208.6,0.0,10208.6,5280.283333333333
598346,3181.0,05.May,5291 WW - 6BR Villa Oasis Private Pool & Spa,SF 6,SOLTERRA,SOLTERRA SF 6,May,3181.0,3181.0,0.6,31,0.0,0.0,0.0,18.599999999999998,171.0215053763441,102.61290322580645,10208.6,0.0,10208.6,2330.2833333333333
598346,4670.0,06.Jun,5291 WW - 6BR Villa Oasis Private Pool & Spa,SF 6,SOLTERRA,SOLTERRA SF 6,Jun,4670.0,4670.0,0.75,30,0.0,0.0,0.0,22.5,207.55555555555554,155.66666666666666,10208.6,0.0,10208.6,3819.2833333333333
598346,5156.0,07.Jul,5291 WW - 6BR Villa Oasis Private Pool & Spa,SF 6,SOLTERRA,SOLTERRA SF 6,Jul,5156.0,5156.0,0.8,31,0.0,0.0,0.0,24.8,207.90322580645162,166.32258064516128,10208.6,0.0,10208.6,4305.283333333333
598346,4113.0,08.Aug,5291 WW - 6BR Villa Oasis Private Pool & Spa,SF 6,SOLTERRA,SOLTERRA SF 6,Aug,4113.0,4113.0,0.7,31,0.0,0.0,0.0,21.7,189.53917050691246,132.67741935483872,10208.6,0.0,10208.6,3262.2833333333333
598346,2175.0,09.Sep,5291 WW - 6BR Villa Oasis Private Pool & Spa,SF 6,SOLTERRA,SOLTERRA SF 6,Sep,2175.0,2175.0,0.6,30,0.0,0.0,0.0,18.0,120.83333333333333,72.5,10208.6,0.0,10208.6,1324.2833333333333
598346,3720.0,10.Oct,5291 WW - 6BR Villa Oasis Private Pool & Spa,SF 6,SOLTERRA,SOLTERRA SF 6,Oct,3720.0,3720.0,0.7,31,0.0,0.0,0.0,21.7,171.42857142857144,120.0,10208.6,0.0,10208.6,2869.2833333333333
598346,3633.0,11.Nov,5291 WW - 6BR Villa Oasis Private Pool & Spa,SF 6,SOLTERRA,SOLTERRA SF 6,Nov,3633.0,3633.0,0.7,30,0.0,0.0,0.0,21.0,173.0,121.1,10208.6,0.0,10208.6,2782.2833333333333
598346,5358.0,12.Dec,5291 WW - 6BR Villa Oasis Private Pool & Spa,SF 6,SOLTERRA,SOLTERRA SF 6,Dec,5358.0,5358.0,0.7,31,0.0,0.0,0.0,21.7,246.91244239631337,172.83870967741936,10208.6,0.0,10208.6,4507.283333333333
890641,7680.0,01.Jan,5761 HS - Spacious Luxury Villa in Paradiso Grande,SF 8,PARADISO GRANDE,PARADISO GRANDE SF 8,Jan,7680.0,7680.0,0.75,31,0.0,0.0,0.0,23.25,330.3225806451613,247.74193548387098,19032.4,0.0,19032.4,6093.966666666666
890641,6895.0,02.Feb,5761 HS - Spacious Luxury Villa in Paradiso Grande,SF 8,PARADISO GRANDE,PARADISO GRANDE SF 8,Feb,6895.0,6895.0,0.75,28,0.0,0.0,0.0,21.0,328.3333333333333,246.25,19032.4,0.0,19032.4,5308.966666666666
890641,9784.0,03.Mar,5761 HS - Spacious Luxury Villa in Paradiso Grande,SF 8,PARADISO GRANDE,PARADISO GRANDE SF 8,Mar,9784.0,9784.0,0.8,31,0.0,0.0,0.0,24.8,394.51612903225805,315.61290322580646,19032.4,0.0,19032.4,8197.966666666667
890641,10950.0,04.Apr,5761 HS - Spacious Luxury Villa in Paradiso Grande,SF 8,PARADISO GRANDE,PARADISO GRANDE SF 8,Apr,10950.0,10950.0,0.8,30,0.0,0.0,0.0,24.0,456.25,365.0,19032.4,0.0,19032.4,9363.966666666667
890641,5184.0,05.May,5761 HS - Spacious Luxury Villa in Paradiso Grande,SF 8,PARADISO GRANDE,PARADISO GRANDE SF 8,May,5184.0,5184.0,0.6,31,0.0,0.0,0.0,18.599999999999998,278.7096774193549,167.2258064516129,19032.4,0.0,19032.4,3597.9666666666662
890641,7916.0,06.Jun,5761 HS - Spacious Luxury Villa in Paradiso Grande,SF 8,PARADISO GRANDE,PARADISO GRANDE SF 8,Jun,7916.0,7916.0,0.75,30,0.0,0.0,0.0,22.5,351.8222222222222,263.8666666666667,19032.4,0.0,19032.4,6329.966666666666
890641,9120.0,07.Jul,5761 HS - Spacious Luxury Villa in Paradiso Grande,SF 8,PARADISO GRANDE,PARADISO GRANDE SF 8,Jul,9120.0,9120.0,0.8,31,0.0,0.0,0.0,24.8,367.741935483871,294.19354838709677,19032.4,0.0,19032.4,7533.966666666666
890641,7490.0,08.Aug,5761 HS - Spacious Luxury Villa in Paradiso Grande,SF 8,PARADISO GRANDE,PARADISO GRANDE SF 8,Aug,7490.0,7490.0,0.7,31,0.0,0.0,0.0,21.7,345.16129032258067,241.61290322580646,19032.4,0.0,19032.4,5903.966666666666
890641,4800.0,09.Sep,5761 HS - Spacious Luxury Villa in Paradiso Grande,SF 8,PARADISO GRANDE,PARADISO GRANDE SF 8,Sep,4800.0,4800.0,0.6,30,0.0,0.0,0.0,18.0,266.6666666666667,160.0,19032.4,0.0,19032.4,3213.9666666666662
890641,7254.0,10.Oct,5761 HS - Spacious Luxury Villa in Paradiso Grande,SF 8,PARADISO GRANDE,PARADISO GRANDE SF 8,Oct,7254.0,7254.0,0.7,31,0.0,0.0,0.0,21.7,334.2857142857143,234.0,19032.4,0.0,19032.4,5667.966666666666
890641,7409.0,11.Nov,5761 HS - Spacious Luxury Villa in Paradiso Grande,SF 8,PARADISO GRANDE,PARADISO GRANDE SF 8,Nov,7409.0,7409.0,0.7,30,0.0,0.0,0.0,21.0,352.8095238095238,246.96666666666667,19032.4,0.0,19032.4,5822.966666666666
890641,10680.0,12.Dec,5761 HS - Spacious Luxury Villa in Paradiso Grande,SF 8,PARADISO GRANDE,PARADISO GRANDE SF 8,Dec,10680.0,10680.0,0.7,31,0.0,0.0,0.0,21.7,492.1658986175115,344.51612903225805,19032.4,0.0,19032.4,9093.966666666667
873715,2340.0,01.Jan,654 LD - Festival,3 BDR,FESTIVAL,FESTIVAL 3 BDR,Jan,2340.0,2340.0,0.75,31,6000.0,1800.0,4932.0,23.25,100.64516129032258,75.48387096774194,5474.200000000001,12732.0,18206.2,822.8166666666666
873715,2043.0,02.Feb,654 LD - Festival,3 BDR,FESTIVAL,FESTIVAL 3 BDR,Feb,2043.0,2043.0,0.75,28,6000.0,1800.0,4932.0,21.0,97.28571428571429,72.96428571428571,5474.200000000001,12732.0,18206.2,525.8166666666666
873715,2921.0,03.Mar,654 LD - Festival,3 BDR,FESTIVAL,FESTIVAL 3 BDR,Mar,2921.0,2921.0,0.8,31,6000.0,1800.0,4932.0,24.8,117.78225806451613,94.2258064516129,5474.200000000001,12732.0,18206.2,1403.8166666666666
873715,3130.0,04.Apr,654 LD - Festival,3 BDR,FESTIVAL,FESTIVAL 3 BDR,Apr,3130.0,3130.0,0.8,30,6000.0,1800.0,4932.0,24.0,130.41666666666666,104.33333333333333,5474.200000000001,12732.0,18206.2,1612.8166666666666
873715,1860.0,05.May,654 LD - Festival,3 BDR,FESTIVAL,FESTIVAL 3 BDR,May,1860.0,1860.0,0.6,31,6000.0,1800.0,4932.0,18.599999999999998,100.00000000000001,60.0,5474.200000000001,12732.0,18206.2,342.8166666666666
873715,866.0,06.Jun,654 LD - Festival,3 BDR,FESTIVAL,FESTIVAL 3 BDR,Jun,866.0,866.0,0.75,30,6000.0,1800.0,4932.0,22.5,38.48888888888889,28.866666666666667,5474.200000000001,12732.0,18206.2,-651.1833333333334
873715,2711.0,07.Jul,654 LD - Festival,3 BDR,FESTIVAL,FESTIVAL 3 BDR,Jul,2711.0,2711.0,0.8,31,6000.0,1800.0,4932.0,24.8,109.31451612903226,87.45161290322581,5474.200000000001,12732.0,18206.2,1193.8166666666666
873715,2387.0,08.Aug,654 LD - Festival,3 BDR,FESTIVAL,FESTIVAL 3 BDR,Aug,2387.0,2387.0,0.7,31,6000.0,1800.0,4932.0,21.7,110.0,77.0,5474.200000000001,12732.0,18206.2,869.8166666666666
873715,1500.0,09.Sep,654 LD - Festival,3 BDR,FESTIVAL,FESTIVAL 3 BDR,Sep,1500.0,1500.0,0.6,30,6000.0,1800.0,4932.0,18.0,83.33333333333333,50.0,5474.200000000001,12732.0,18206.2,-17.183333333333394
873715,2176.0,10.Oct,654 LD - Festival,3 BDR,FESTIVAL,FESTIVAL 3 BDR,Oct,2176.0,2176.0,0.7,31,6000.0,1800.0,4932.0,21.7,100.27649769585254,70.19354838709677,5474.200000000001,12732.0,18206.2,658.8166666666666
873715,2271.0,11.Nov,654 LD - Festival,3 BDR,FESTIVAL,FESTIVAL 3 BDR,Nov,2271.0,2271.0,0.7,30,6000.0,1800.0,4932.0,21.0,108.14285714285714,75.7,5474.200000000001,12732.0,18206.2,753.8166666666666
873715,3166.0,12.Dec,654 LD - Festival,3 BDR,FESTIVAL,FESTIVAL 3 BDR,Dec,3166.0,3166.0,0.7,31,6000.0,1800.0,4932.0,21.7,145.89861751152074,102.12903225806451,5474.200000000001,12732.0,18206.2,1648.8166666666666
598356,2178.0,01.Jan,806 LL - Exquisite 3BR Townhome- Bahama Bay Oasis,3 BDR,BAHAMA BAY,BAHAMA BAY 3 BDR,Jan,2178.0,2178.0,0.75,31,0.0,0.0,0.0,23.25,93.6774193548387,70.25806451612904,5042.400000000001,0.0,5042.400000000001,1757.8
598356,2026.0,02.Feb,806 LL - Exquisite 3BR Townhome- Bahama Bay Oasis,3 BDR,BAHAMA BAY,BAHAMA BAY 3 BDR,Feb,2026.0,2026.0,0.75,28,0.0,0.0,0.0,21.0,96.47619047619048,72.35714285714286,5042.400000000001,0.0,5042.400000000001,1605.8
598356,2930.0,03.Mar,806 LL - Exquisite 3BR Townhome- Bahama Bay Oasis,3 BDR,BAHAMA BAY,BAHAMA BAY 3 BDR,Mar,2930.0,2930.0,0.8,31,0.0,0.0,0.0,24.8,118.14516129032258,94.51612903225806,5042.400000000001,0.0,5042.400000000001,2509.8
598356,3057.0,04.Apr,806 LL - Exquisite 3BR Townhome- Bahama Bay Oasis,3 BDR,BAHAMA BAY,BAHAMA BAY 3 BDR,Apr,3057.0,3057.0,0.8,30,0.0,0.0,0.0,24.0,127.375,101.9,5042.400000000001,0.0,5042.400000000001,2636.8
598356,1566.0,05.May,806 LL - Exquisite 3BR Townhome- Bahama Bay Oasis,3 BDR,BAHAMA BAY,BAHAMA BAY 3 BDR,May,1566.0,1566.0,0.6,31,0.0,0.0,0.0,18.599999999999998,84.19354838709678,50.516129032258064,5042.400000000001,0.0,5042.400000000001,1145.8
598356,88.0,06.Jun,806 LL - Exquisite 3BR Townhome- Bahama Bay Oasis,3 BDR,BAHAMA BAY,BAHAMA BAY 3 BDR,Jun,88.0,88.0,0.75,30,0.0,0.0,0.0,22.5,3.911111111111111,2.933333333333333,5042.400000000001,0.0,5042.400000000001,-332.20000000000005
598356,2684.0,07.Jul,806 LL - Exquisite 3BR Townhome- Bahama Bay Oasis,3 BDR,BAHAMA BAY,BAHAMA BAY 3 BDR,Jul,2684.0,2684.0,0.8,31,0.0,0.0,0.0,24.8,108.2258064516129,86.58064516129032,5042.400000000001,0.0,5042.400000000001,2263.8
598356,2223.0,08.Aug,806 LL - Exquisite 3BR Townhome- Bahama Bay Oasis,3 BDR,BAHAMA BAY,BAHAMA BAY 3 BDR,Aug,2223.0,2223.0,0.7,31,0.0,0.0,0.0,21.7,102.44239631336406,71.70967741935483,5042.400000000001,0.0,5042.400000000001,1802.8
598356,1350.0,09.Sep,806 LL - Exquisite 3BR Townhome- Bahama Bay Oasis,3 BDR,BAHAMA BAY,BAHAMA BAY 3 BDR,Sep,1350.0,1350.0,0.6,30,0.0,0.0,0.0,18.0,75.0,45.0,5042.400000000001,0.0,5042.400000000001,929.8
598356,2046.0,10.Oct,806 LL - Exquisite 3BR Townhome- Bahama Bay Oasis,3 BDR,BAHAMA BAY,BAHAMA BAY 3 BDR,Oct,2046.0,2046.0,0.7,31,0.0,0.0,0.0,21.7,94.28571428571429,66.0,5042.400000000001,0.0,5042.400000000001,1625.8
598356,2060.0,11.Nov,806 LL - Exquisite 3BR Townhome- Bahama Bay Oasis,3 BDR,BAHAMA BAY,BAHAMA BAY 3 BDR,Nov,2060.0,2060.0,0.7,30,0.0,0.0,0.0,21.0,98.0952380952381,68.66666666666667,5042.400000000001,0.0,5042.400000000001,1639.8
598356,3004.0,12.Dec,806 LL - Exquisite 3BR Townhome- Bahama Bay Oasis,3 BDR,BAHAMA BAY,BAHAMA BAY 3 BDR,Dec,3004.0,3004.0,0.7,31,0.0,0.0,0.0,21.7,138.43317972350232,96.90322580645162,5042.400000000001,0.0,5042.400000000001,2583.8
873940,5808.0,01.Jan,8848 BC - 8Bds Windsor At Westside,SF 8,WINDSOR AT WESTSIDE,WINDSOR AT WESTSIDE SF 8,Jan,5808.0,5808.0,0.75,31,6000.0,1800.0,7260.0,23.25,249.80645161290323,187.3548387096774,14375.6,15060.0,29435.6,3355.0333333333333
873940,4767.0,02.Feb,8848 BC - 8Bds Windsor At Westside,SF 8,WINDSOR AT WESTSIDE,WINDSOR AT WESTSIDE SF 8,Feb,4767.0,4767.0,0.75,28,6000.0,1800.0,7260.0,21.0,227.0,170.25,14375.6,15060.0,29435.6,2314.0333333333333
873940,7438.0,03.Mar,8848 BC - 8Bds Windsor At Westside,SF 8,WINDSOR AT WESTSIDE,WINDSOR AT WESTSIDE SF 8,Mar,7438.0,7438.0,0.8,31,6000.0,1800.0,7260.0,24.8,299.9193548387097,239.93548387096774,14375.6,15060.0,29435.6,4985.033333333333
873940,8122.0,04.Apr,8848 BC - 8Bds Windsor At Westside,SF 8,WINDSOR AT WESTSIDE,WINDSOR AT WESTSIDE SF 8,Apr,8122.0,8122.0,0.8,30,6000.0,1800.0,7260.0,24.0,338.4166666666667,270.73333333333335,14375.6,15060.0,29435.6,5669.033333333333
873940,4464.0,05.May,8848 BC - 8Bds Windsor At Westside,SF 8,WINDSOR AT WESTSIDE,WINDSOR AT WESTSIDE SF 8,May,4464.0,4464.0,0.6,31,6000.0,1800.0,7260.0,18.599999999999998,240.00000000000003,144.0,14375.6,15060.0,29435.6,2011.0333333333333
873940,6739.0,06.Jun,8848 BC - 8Bds Windsor At Westside,SF 8,WINDSOR AT WESTSIDE,WINDSOR AT WESTSIDE SF 8,Jun,6739.0,6739.0,0.75,30,6000.0,1800.0,7260.0,22.5,299.5111111111111,224.63333333333333,14375.6,15060.0,29435.6,4286.033333333333
873940,7000.0,07.Jul,8848 BC - 8Bds Windsor At Westside,SF 8,WINDSOR AT WESTSIDE,WINDSOR AT WESTSIDE SF 8,Jul,7000.0,7000.0,0.8,31,6000.0,1800.0,7260.0,24.8,282.258064516129,225.80645161290323,14375.6,15060.0,29435.6,4547.033333333333
873940,5750.0,08.Aug,8848 BC - 8Bds Windsor At Westside,SF 8,WINDSOR AT WESTSIDE,WINDSOR AT WESTSIDE SF 8,Aug,5750.0,5750.0,0.7,31,6000.0,1800.0,7260.0,21.7,264.97695852534565,185.48387096774192,14375.6,15060.0,29435.6,3297.0333333333333
873940,3450.0,09.Sep,8848 BC - 8Bds Windsor At Westside,SF 8,WINDSOR AT WESTSIDE,WINDSOR AT WESTSIDE SF 8,Sep,3450.0,3450.0,0.6,30,6000.0,1800.0,7260.0,18.0,191.66666666666666,115.0,14375.6,15060.0,29435.6,997.0333333333333
873940,4836.0,10.Oct,8848 BC - 8Bds Windsor At Westside,SF 8,WINDSOR AT WESTSIDE,WINDSOR AT WESTSIDE SF 8,Oct,4836.0,4836.0,0.7,31,6000.0,1800.0,7260.0,21.7,222.85714285714286,156.0,14375.6,15060.0,29435.6,2383.0333333333333
873940,5494.0,11.Nov,8848 BC - 8Bds Windsor At Westside,SF 8,WINDSOR AT WESTSIDE,WINDSOR AT WESTSIDE SF 8,Nov,5494.0,5494.0,0.7,30,6000.0,1800.0,7260.0,21.0,261.6190476190476,183.13333333333333,14375.6,15060.0,29435.6,3041.0333333333333
873940,8010.0,12.Dec,8848 BC - 8Bds Windsor At Westside,SF 8,WINDSOR AT WESTSIDE,WINDSOR AT WESTSIDE SF 8,Dec,8010.0,8010.0,0.7,31,6000.0,1800.0,7260.0,21.7,369.12442396313367,258.38709677419354,14375.6,15060.0,29435.6,5557.033333333333
803682,4437.0,01.Jan,8949 CB - Exquisite Luxury Home with Pool Retreat,SF 6,SOLARA RESORT,SOLARA RESORT SF 6,Jan,4437.0,4437.0,0.75,31,7440.0,1800.0,8424.0,23.25,190.83870967741936,143.1290322580645,11451.0,17664.0,29115.0,2010.75
803682,3782.0,02.Feb,8949 CB - Exquisite Luxury Home with Pool Retreat,SF 6,SOLARA RESORT,SOLARA RESORT SF 6,Feb,3782.0,3782.0,0.75,28,7440.0,1800.0,8424.0,21.0,180.0952380952381,135.07142857142858,11451.0,17664.0,29115.0,1355.75
803682,6130.0,03.Mar,8949 CB - Exquisite Luxury Home with Pool Retreat,SF 6,SOLARA RESORT,SOLARA RESORT SF 6,Mar,6130.0,6130.0,0.8,31,7440.0,1800.0,8424.0,24.8,247.1774193548387,197.74193548387098,11451.0,17664.0,29115.0,3703.75
803682,6588.0,04.Apr,8949 CB - Exquisite Luxury Home with Pool Retreat,SF 6,SOLARA RESORT,SOLARA RESORT SF 6,Apr,6588.0,6588.0,0.8,30,7440.0,1800.0,8424.0,24.0,274.5,219.6,11451.0,17664.0,29115.0,4161.75
803682,3441.0,05.May,8949 CB - Exquisite Luxury Home with Pool Retreat,SF 6,SOLARA RESORT,SOLARA RESORT SF 6,May,3441.0,3441.0,0.6,31,7440.0,1800.0,8424.0,18.599999999999998,185.00000000000003,111.0,11451.0,17664.0,29115.0,1014.75
803682,5066.0,06.Jun,8949 CB - Exquisite Luxury Home with Pool Retreat,SF 6,SOLARA RESORT,SOLARA RESORT SF 6,Jun,5066.0,5066.0,0.75,30,7440.0,1800.0,8424.0,22.5,225.15555555555557,168.86666666666667,11451.0,17664.0,29115.0,2639.75
803682,5784.0,07.Jul,8949 CB - Exquisite Luxury Home with Pool Retreat,SF 6,SOLARA RESORT,SOLARA RESORT SF 6,Jul,5784.0,5784.0,0.8,31,7440.0,1800.0,8424.0,24.8,233.2258064516129,186.58064516129033,11451.0,17664.0,29115.0,3357.75
803682,4742.0,08.Aug,8949 CB - Exquisite Luxury Home with Pool Retreat,SF 6,SOLARA RESORT,SOLARA RESORT SF 6,Aug,4742.0,4742.0,0.7,31,7440.0,1800.0,8424.0,21.7,218.52534562211983,152.96774193548387,11451.0,17664.0,29115.0,2315.75
803682,2775.0,09.Sep,8949 CB - Exquisite Luxury Home with Pool Retreat,SF 6,SOLARA RESORT,SOLARA RESORT SF 6,Sep,2775.0,2775.0,0.6,30,7440.0,1800.0,8424.0,18.0,154.16666666666666,92.5,11451.0,17664.0,29115.0,348.75
803682,4092.0,10.Oct,8949 CB - Exquisite Luxury Home with Pool Retreat,SF 6,SOLARA RESORT,SOLARA RESORT SF 6,Oct,4092.0,4092.0,0.7,31,7440.0,1800.0,8424.0,21.7,188.57142857142858,132.0,11451.0,17664.0,29115.0,1665.75
803682,4366.0,11.Nov,8949 CB - Exquisite Luxury Home with Pool Retreat,SF 6,SOLARA RESORT,SOLARA RESORT SF 6,Nov,4366.0,4366.0,0.7,30,7440.0,1800.0,8424.0,21.0,207.9047619047619,145.53333333333333,11451.0,17664.0,29115.0,1939.75
803682,6052.0,12.Dec,8949 CB - Exquisite Luxury Home with Pool Retreat,SF 6,SOLARA RESORT,SOLARA RESORT SF 6,Dec,6052.0,6052.0,0.7,31,7440.0,1800.0,8424.0,21.7,278.8940092165899,195.2258064516129,11451.0,17664.0,29115.0,3625.75
821056,3921.0,01.Jan,9008 PM - 5BD Serenity Villa: A Paradise Retreat,SF 5,PARADISE PALMS,PARADISE PALMS SF 5,Jan,3921.0,3921.0,0.75,31,0.0,0.0,0.0,23.25,168.6451612903226,126.48387096774194,9375.4,0.0,9375.4,3139.7166666666667
821056,3338.0,02.Feb,9008 PM - 5BD Serenity Villa: A Paradise Retreat,SF 5,PARADISE PALMS,PARADISE PALMS SF 5,Feb,3338.0,3338.0,0.75,28,0.0,0.0,0.0,21.0,158.95238095238096,119.21428571428571,9375.4,0.0,9375.4,2556.7166666666667
821056,4761.0,03.Mar,9008 PM - 5BD Serenity Villa: A Paradise Retreat,SF 5,PARADISE PALMS,PARADISE PALMS SF 5,Mar,4761.0,4761.0,0.8,31,0.0,0.0,0.0,24.8,191.9758064516129,153.58064516129033,9375.4,0.0,9375.4,3979.7166666666667
821056,5204.0,04.Apr,9008 PM - 5BD Serenity Villa: A Paradise Retreat,SF 5,PARADISE PALMS,PARADISE PALMS SF 5,Apr,5204.0,5204.0,0.8,30,0.0,0.0,0.0,24.0,216.83333333333334,173.46666666666667,9375.4,0.0,9375.4,4422.716666666667
821056,3069.0,05.May,9008 PM - 5BD Serenity Villa: A Paradise Retreat,SF 5,PARADISE PALMS,PARADISE PALMS SF 5,May,3069.0,3069.0,0.6,31,0.0,0.0,0.0,18.599999999999998,165.00000000000003,99.0,9375.4,0.0,9375.4,2287.7166666666667
821056,4239.0,06.Jun,9008 PM - 5BD Serenity Villa: A Paradise Retreat,SF 5,PARADISE PALMS,PARADISE PALMS SF 5,Jun,4239.0,4239.0,0.75,30,0.0,0.0,0.0,22.5,188.4,141.3,9375.4,0.0,9375.4,3457.7166666666667
821056,4151.0,07.Jul,9008 PM - 5BD Serenity Villa: A Paradise Retreat,SF 5,PARADISE PALMS,PARADISE PALMS SF 5,Jul,4151.0,4151.0,0.8,31,0.0,0.0,0.0,24.8,167.3790322580645,133.90322580645162,9375.4,0.0,9375.4,3369.7166666666667
821056,3514.0,08.Aug,9008 PM - 5BD Serenity Villa: A Paradise Retreat,SF 5,PARADISE PALMS,PARADISE PALMS SF 5,Aug,3514.0,3514.0,0.7,31,0.0,0.0,0.0,21.7,161.93548387096774,113.35483870967742,9375.4,0.0,9375.4,2732.7166666666667
821056,2310.0,09.Sep,9008 PM - 5BD Serenity Villa: A Paradise Retreat,SF 5,PARADISE PALMS,PARADISE PALMS SF 5,Sep,2310.0,2310.0,0.6,30,0.0,0.0,0.0,18.0,128.33333333333334,77.0,9375.4,0.0,9375.4,1528.7166666666667
821056,3478.0,10.Oct,9008 PM - 5BD Serenity Villa: A Paradise Retreat,SF 5,PARADISE PALMS,PARADISE PALMS SF 5,Oct,3478.0,3478.0,0.7,31,0.0,0.0,0.0,21.7,160.27649769585253,112.19354838709677,9375.4,0.0,9375.4,2696.7166666666667
821056,3604.0,11.Nov,9008 PM - 5BD Serenity Villa: A Paradise Retreat,SF 5,PARADISE PALMS,PARADISE PALMS SF 5,Nov,3604.0,3604.0,0.7,30,0.0,0.0,0.0,21.0,171.61904761904762,120.13333333333334,9375.4,0.0,9375.4,2822.7166666666667
821056,5288.0,12.Dec,9008 PM - 5BD Serenity Villa: A Paradise Retreat,SF 5,PARADISE PALMS,PARADISE PALMS SF 5,Dec,5288.0,5288.0,0.7,31,0.0,0.0,0.0,21.7,243.68663594470047,170.58064516129033,9375.4,0.0,9375.4,4506.716666666667
341242,4680.0,01.Jan,-,SF 9,CHAMPIONS GATE,CHAMPIONS GATE SF 9,Jan,4680.0,4680.0,0.75,31,6000.0,1800.0,11415.0,23.25,201.29032258064515,150.96774193548387,12604.6,19215.0,31819.6,2028.3666666666668
341242,3997.0,02.Feb,-,SF 9,CHAMPIONS GATE,CHAMPIONS GATE SF 9,Feb,3997.0,3997.0,0.75,28,6000.0,1800.0,11415.0,21.0,190.33333333333334,142.75,12604.6,19215.0,31819.6,1345.3666666666668
341242,6716.0,03.Mar,-,SF 9,CHAMPIONS GATE,CHAMPIONS GATE SF 9,Mar,6716.0,6716.0,0.8,31,6000.0,1800.0,11415.0,24.8,270.80645161290323,216.6451612903226,12604.6,19215.0,31819.6,4064.366666666667
341242,7024.0,04.Apr,-,SF 9,CHAMPIONS GATE,CHAMPIONS GATE SF 9,Apr,7024.0,7024.0,0.8,30,6000.0,1800.0,11415.0,24.0,292.6666666666667,234.13333333333333,12604.6,19215.0,31819.6,4372.366666666667
341242,3720.0,05.May,-,SF 9,CHAMPIONS GATE,CHAMPIONS GATE SF 9,May,3720.0,3720.0,0.6,31,6000.0,1800.0,11415.0,18.599999999999998,200.00000000000003,120.0,12604.6,19215.0,31819.6,1068.3666666666668
341242,6006.0,06.Jun,-,SF 9,CHAMPIONS GATE,CHAMPIONS GATE SF 9,Jun,6006.0,6006.0,0.75,30,6000.0,1800.0,11415.0,22.5,266.93333333333334,200.2,12604.6,19215.0,31819.6,3354.366666666667
341242,6322.0,07.Jul,-,SF 9,CHAMPIONS GATE,CHAMPIONS GATE SF 9,Jul,6322.0,6322.0,0.8,31,6000.0,1800.0,11415.0,24.8,254.91935483870967,203.93548387096774,12604.6,19215.0,31819.6,3670.366666666667
341242,5516.0,08.Aug,-,SF 9,CHAMPIONS GATE,CHAMPIONS GATE SF 9,Aug,5516.0,5516.0,0.7,31,6000.0,1800.0,11415.0,21.7,254.19354838709677,177.93548387096774,12604.6,19215.0,31819.6,2864.366666666667
341242,4100.0,09.Sep,-,SF 9,CHAMPIONS GATE,CHAMPIONS GATE SF 9,Sep,4100.0,4100.0,0.6,30,6000.0,1800.0,11415.0,18.0,227.77777777777777,136.66666666666666,12604.6,19215.0,31819.6,1448.3666666666668
341242,4092.0,10.Oct,-,SF 9,CHAMPIONS GATE,CHAMPIONS GATE SF 9,Oct,4092.0,4092.0,0.7,31,6000.0,1800.0,11415.0,21.7,188.57142857142858,132.0,12604.6,19215.0,31819.6,1440.3666666666668
341242,4662.0,11.Nov,-,SF 9,CHAMPIONS GATE,CHAMPIONS GATE SF 9,Nov,4662.0,4662.0,0.7,30,6000.0,1800.0,11415.0,21.0,222.0,155.4,12604.6,19215.0,31819.6,2010.3666666666668
341242,6188.0,12.Dec,-,SF 9,CHAMPIONS GATE,CHAMPIONS GATE SF 9,Dec,6188.0,6188.0,0.7,31,6000.0,1800.0,11415.0,21.7,285.16129032258067,199.61290322580646,12604.6,19215.0,31819.6,3536.366666666667
